OrderID,MenuItemID,Quantity
1,3788,1
2,49,3
2,4847,1
2,3394,2
2,3848,3
3,3011,1
4,1901,2
4,3979,1
4,1400,3
4,3641,2
4,176,1
5,1083,3
5,4445,1
6,1522,1
6,1033,1
6,2653,2
6,1633,2
7,2452,2
7,2119,3
7,660,3
7,113,3
8,415,3
8,2693,1
8,3307,1
8,2365,3
8,3955,3
9,949,1
9,3196,3
9,1423,2
10,2144,1
10,304,1
10,1799,3
11,1073,3
11,3422,3
11,4110,3
12,575,1
13,1773,3
13,678,2
13,2829,3
13,1402,3
14,1047,2
14,2103,1
14,2150,2
14,1872,2
14,1367,2
15,1168,1
15,2552,1
15,438,2
16,70,2
16,2345,2
16,3852,3
16,4895,1
17,881,2
17,1749,3
17,1081,3
18,4497,3
18,3296,1
18,3340,2
18,4238,1
18,4106,2
19,2345,2
19,1207,1
19,2323,2
19,3025,2
19,1405,1
20,3633,2
20,4934,1
20,4869,1
20,1147,3
21,2333,2
21,2804,1
22,2149,3
23,4785,2
23,2094,1
23,424,3
24,2232,1
24,962,1
24,2040,3
24,529,1
24,4101,3
25,975,1
26,2575,2
26,4254,1
26,3112,2
26,4278,2
27,1831,3
27,273,2
27,1290,1
27,403,3
28,1031,1
28,1230,2
28,3898,3
28,2957,1
29,332,3
29,3591,3
29,4136,2
29,4650,1
30,4891,3
31,978,2
31,3818,3
31,993,2
31,980,2
32,2701,1
32,2502,3
33,1909,1
33,3879,2
34,3417,1
34,2677,1
34,978,2
34,679,2
34,3406,3
35,4739,1
36,2830,2
36,3792,3
36,4778,3
37,1129,2
38,4595,2
38,2288,2
38,2167,1
39,1934,3
39,3527,3
39,3405,3
39,434,3
40,4578,2
40,3000,2
40,2422,3
40,3796,1
40,2611,3
41,4061,3
41,4737,2
41,2339,1
41,321,3
42,3649,1
42,263,1
42,1101,3
43,3350,3
43,4802,2
44,4949,3
44,3732,1
44,3455,1
45,1160,1
45,4424,3
46,1857,2
46,2701,2
46,1179,3
46,3245,1
47,4237,2
47,4636,2
47,1678,3
47,3793,1
48,2814,1
48,3388,2
48,2585,2
48,4776,3
49,3041,1
50,4385,1
50,147,1
50,4086,2
51,161,1
51,4034,3
51,1357,1
52,3113,3
52,3824,3
53,99,2
53,1435,2
53,4133,2
53,4793,2
54,3894,2
54,2409,1
54,414,3
55,2787,3
55,1752,3
56,3590,3
56,1496,2
56,4166,1
56,676,2
56,1782,3
57,1153,2
57,4406,2
57,788,3
58,4586,1
58,2408,3
58,815,1
58,1214,2
59,4883,3
59,1615,3
60,42,2
60,1916,1
61,1512,2
61,2076,2
62,1777,3
62,641,3
62,1264,1
62,3214,3
63,2758,1
64,4713,1
64,1728,3
64,650,1
65,2072,3
65,818,1
65,1517,2
65,4160,2
65,2329,1
66,1219,1
67,3532,1
67,2335,2
67,2437,2
68,4597,1
68,1390,1
68,234,1
68,2096,3
68,2742,3
69,1028,1
69,2326,2
69,3709,3
69,1894,3
70,69,3
70,2314,2
70,1497,1
71,1104,1
71,4384,2
71,1819,1
72,2553,3
73,3306,2
73,3465,3
74,996,2
74,1839,3
75,504,3
75,728,3
76,4296,1
77,4142,1
77,3115,3
77,2847,1
77,3976,1
78,1414,2
78,3671,2
78,2079,1
78,2538,2
79,4654,3
79,3840,3
79,2223,1
79,1920,1
79,3394,2
80,449,2
80,1772,1
80,878,2
80,4104,1
80,3259,1
81,522,1
81,1982,1
82,151,3
82,1364,3
82,1807,3
82,1093,3
83,3406,2
84,2111,1
84,4943,2
84,3179,2
84,466,1
85,317,3
86,3689,2
87,1557,2
87,314,1
88,4472,2
89,1196,2
89,433,3
89,4647,3
90,3349,1
90,529,1
90,3689,2
91,1153,3
91,3145,1
91,4136,3
92,2871,3
92,2483,2
92,860,2
92,911,2
93,2667,2
93,4902,2
93,3839,1
93,4825,1
93,1116,3
94,340,2
95,3183,2
95,2189,2
95,3644,1
95,1803,3
95,1870,2
96,2987,2
97,1016,3
97,3480,3
97,181,2
97,744,1
97,1372,1
98,2122,2
99,779,2
100,4638,2
100,1379,2
100,309,1
100,2391,1
100,953,3
101,3058,2
101,290,3
101,1053,3
101,4000,3
102,4027,2
102,2729,2
102,1716,1
103,3241,3
104,161,3
104,2683,2
104,3620,3
104,4620,3
105,468,2
106,2195,2
107,1219,1
107,4055,3
107,2904,3
107,4788,2
107,4554,3
108,305,2
108,2606,1
108,2043,3
108,3549,2
109,4365,3
109,272,3
109,2112,2
109,3174,1
110,1927,1
110,3354,3
110,1856,3
110,2351,2
110,41,2
111,996,2
111,3115,3
112,1887,2
112,3858,1
113,4048,2
113,1357,1
113,4837,3
113,2148,1
113,189,3
114,1496,2
114,1938,3
114,953,2
115,2405,1
115,4007,2
115,1320,2
115,2432,2
115,8,1
116,1668,2
116,4898,2
116,4648,1
116,2087,1
116,3958,3
117,1098,3
117,1211,2
117,2710,1
117,4774,2
117,4386,2
118,3453,1
118,1816,3
119,1889,3
120,3283,1
120,233,3
121,871,2
121,864,2
121,3450,3
121,2101,1
122,3267,2
122,3987,2
122,98,1
122,1190,1
122,11,2
123,2530,2
123,3073,2
123,738,1
123,4613,1
123,3993,2
124,4418,2
124,4162,1
124,3657,3
124,3397,3
125,1668,1
125,4355,3
125,1937,2
125,3446,3
125,4765,1
126,1069,2
126,3271,3
126,1251,3
126,3756,2
127,2274,3
127,1410,3
127,4533,1
127,4455,1
128,3084,3
128,1574,2
128,4540,3
128,2159,1
129,46,2
129,1377,1
129,2856,2
129,548,3
130,1424,2
130,2524,2
131,917,2
131,1154,2
131,1074,1
132,2259,1
132,801,1
133,3725,1
134,2984,1
134,3158,3
134,3855,2
135,3926,2
135,1263,2
135,2799,1
135,2490,2
135,365,1
136,4267,2
136,2541,2
136,70,2
136,3588,1
136,1753,3
137,3173,1
137,3892,2
137,2652,1
138,230,1
138,4891,2
139,1137,3
139,1341,2
139,1511,1
140,3182,1
140,754,1
140,1684,2
140,3420,1
140,341,1
141,2258,2
142,3621,1
142,1157,1
142,441,1
142,1471,1
142,2914,3
143,3015,2
144,4398,2
144,3839,3
144,2454,3
144,3375,1
145,3055,1
146,2247,1
146,4101,1
146,4372,3
146,860,2
147,4865,2
147,4935,3
147,3366,3
148,1405,2
148,3607,1
148,2286,3
149,718,3
149,3565,2
149,4491,3
149,2996,1
149,4454,2
150,69,2
151,1440,2
151,2549,3
151,3048,3
151,4244,1
151,2264,3
152,3126,2
152,3364,3
152,1333,3
152,1295,3
153,4348,3
153,4340,2
154,2915,2
155,4343,1
155,2754,1
155,2819,3
155,1538,3
155,22,2
156,4734,2
156,4965,3
156,173,1
156,2590,2
157,3742,1
158,613,3
158,4981,1
158,1391,2
159,2381,1
159,3647,2
159,2377,3
160,4211,1
160,4179,3
161,4800,1
161,3587,1
161,2226,2
162,493,2
162,2274,1
162,2609,3
163,2801,2
163,3349,1
163,469,1
163,2879,2
164,357,2
164,3144,3
165,3911,1
165,4809,1
165,2188,1
165,2739,2
165,1893,1
166,2931,3
166,1546,2
166,2355,2
167,2047,1
167,152,2
167,1540,2
167,3416,2
168,4630,3
168,2750,2
168,2090,3
169,1027,3
169,3522,1
169,4422,3
169,1193,3
169,4703,2
170,2190,3
170,1391,1
170,788,1
170,1733,1
171,3010,2
172,4837,2
172,1872,3
172,3734,3
172,288,2
173,4641,1
173,1008,3
174,3037,2
174,4853,3
174,4793,1
174,1301,2
175,1947,2
175,941,2
175,4734,1
175,2870,3
176,3328,2
177,2288,2
178,298,1
178,1275,2
178,4451,1
178,4800,1
179,112,1
179,2549,1
180,3200,2
180,4662,3
181,4078,1
181,1149,1
181,3296,1
181,3332,3
181,720,2
182,2789,3
182,4149,1
182,2990,1
182,4763,2
182,3531,1
183,1894,2
183,299,1
183,312,1
184,422,2
184,1600,1
185,3410,1
186,283,3
187,1183,1
187,2801,1
187,1975,2
187,2821,3
188,1469,2
188,2901,3
188,1813,2
188,2003,3
189,4549,2
189,2568,2
189,3723,2
189,1461,1
189,1918,3
190,4275,2
191,90,3
191,1161,3
191,4205,1
191,1920,1
191,1661,1
192,1825,2
193,717,1
193,136,2
194,1159,3
194,3031,2
194,2057,3
195,2569,3
195,1326,1
195,290,2
195,2551,1
196,4615,1
196,4268,3
197,1301,1
197,1160,3
198,1328,2
198,4100,2
198,4842,3
199,381,3
199,4846,3
199,4674,3
199,1954,2
199,3299,1
200,82,3
200,3813,2
200,4832,1
200,3910,2
200,824,2
201,3768,1
201,2786,1
202,1679,3
202,2671,2
203,1917,3
203,761,1
203,1269,1
204,2859,1
204,367,1
204,1227,2
204,30,2
204,4756,1
205,1342,3
206,4492,3
206,117,3
206,879,3
207,1333,2
207,530,3
207,1446,1
207,3899,2
208,4104,1
208,4482,2
209,3051,2
209,2033,3
209,2246,1
209,1046,2
210,2524,2
210,3945,2
211,976,1
212,1366,3
212,23,2
212,2871,3
212,1108,2
213,4196,1
213,3524,3
213,4106,1
213,1086,3
213,4672,2
214,325,2
214,4614,2
214,3039,3
214,479,3
214,1340,1
215,2471,3
215,296,2
215,1819,1
215,1042,3
215,1440,3
216,3949,3
216,3562,1
217,3030,1
217,2438,2
217,3288,3
217,1392,1
218,3561,2
218,140,3
219,1151,3
220,4470,3
220,1154,3
221,4033,3
221,46,3
221,1670,1
222,3115,2
223,1402,3
224,843,3
224,54,2
224,1825,3
224,3165,2
225,2960,1
225,1803,2
226,2537,1
226,4696,3
227,922,2
227,3962,3
227,4129,1
227,2970,1
228,320,3
228,2684,2
228,281,1
228,875,2
228,1974,2
229,3477,1
229,31,1
229,3437,3
229,4319,3
229,4354,3
230,3057,3
230,941,2
230,225,3
231,1275,3
232,1312,2
232,2451,1
232,4480,1
233,3043,1
233,1253,1
233,888,3
233,785,2
234,631,3
234,1909,1
235,4642,1
235,2369,3
235,3234,1
235,4637,2
235,3071,2
236,66,3
237,3236,1
238,1363,3
238,3514,2
238,2331,1
238,762,2
238,2826,3
239,674,3
239,384,3
239,2767,3
240,2568,1
240,3969,2
240,4883,3
240,3686,3
241,4148,3
241,2552,3
241,524,1
241,3021,1
241,4193,2
242,2543,1
242,2447,2
242,2171,2
242,279,1
243,1802,3
243,1654,1
243,1409,2
243,1017,3
243,2197,1
244,3434,1
244,4877,2
244,716,2
245,4721,1
245,2743,3
245,2695,1
245,2473,3
245,1004,1
246,3757,3
246,4897,3
246,3296,1
246,4661,2
247,4946,3
247,867,2
247,1723,2
247,3373,3
248,4327,3
248,999,2
248,4190,2
248,923,2
248,1092,3
249,4385,1
249,4339,3
249,2576,2
249,2129,2
250,1559,2
250,435,1
250,2374,3
250,2863,1
250,1466,1
251,1916,3
251,3702,3
251,1715,2
251,3172,3
251,4791,3
252,759,1
252,3652,1
253,1786,3
254,4373,3
254,1708,2
255,3065,2
255,173,3
255,4667,3
255,4435,1
255,337,2
256,3882,1
256,2260,1
256,1133,1
256,1483,3
257,1600,2
257,4650,1
257,3340,3
257,25,1
258,1094,2
258,890,2
258,3790,3
258,587,3
259,3832,1
259,3950,1
259,4321,2
259,168,2
260,1596,1
260,2233,3
261,1893,3
261,513,3
261,751,2
261,4553,2
262,400,2
262,2380,1
262,3247,3
262,1940,1
263,900,3
263,3362,2
263,505,1
263,1152,2
263,2602,1
264,4440,2
264,2128,3
264,27,2
264,4020,3
265,3381,2
265,4647,3
265,1008,2
266,1219,2
267,893,3
267,2306,2
267,403,2
267,991,1
267,3828,2
268,67,1
268,4423,2
268,3584,2
268,719,3
268,2844,2
269,1375,2
269,3409,2
269,654,3
269,4570,2
269,4706,2
270,3627,1
270,3075,2
270,1889,1
271,3480,1
272,4183,2
273,4639,2
273,1216,2
274,2644,1
274,4696,3
275,353,3
276,433,1
276,130,3
276,563,2
277,4842,1
277,1100,3
277,3823,3
277,1213,2
277,425,2
278,4438,1
278,751,2
278,4270,2
279,4662,1
279,4825,1
279,971,2
279,2634,2
280,1004,3
280,2750,1
280,2995,1
280,1712,1
280,1940,3
281,621,2
281,1555,1
281,1247,2
281,1861,1
281,2125,2
282,4829,2
282,4868,3
283,203,3
283,1752,3
283,1961,3
283,4424,1
284,3119,3
284,3804,2
284,4969,3
284,3355,2
285,4876,2
285,2283,3
286,836,1
287,204,3
287,52,1
287,4258,3
287,2634,2
288,1184,2
288,1686,1
288,1347,1
288,312,1
288,4896,1
289,1482,2
289,287,1
289,3883,3
289,2012,3
289,3393,2
290,683,1
291,1347,1
292,936,2
292,1691,3
292,2586,1
292,1206,2
293,4378,2
293,4989,1
293,421,3
294,2706,2
295,4294,1
295,532,1
295,418,1
295,2152,2
296,3459,2
296,2067,1
297,4688,2
297,135,2
297,2408,3
297,1390,1
297,1623,1
298,345,3
299,480,3
299,39,1
299,696,2
300,4129,3
300,3621,3
300,4889,1
300,1779,3
301,3299,2
301,1047,2
301,4578,3
302,2713,3
303,4516,2
304,3377,2
304,1298,2
304,240,2
304,2607,3
305,4705,1
306,3356,2
306,478,3
306,312,3
307,402,2
307,4743,2
307,1207,2
308,2456,1
308,3567,2
309,2106,3
309,3532,2
310,1875,3
310,4325,2
311,3278,2
311,1933,3
312,2790,1
312,1910,3
312,336,2
312,2055,1
312,552,3
313,1703,3
313,419,1
313,530,2
313,4097,3
314,2623,1
315,4716,3
316,4235,1
317,2485,1
318,146,3
319,1400,2
319,4015,3
319,464,3
320,1760,3
320,4272,2
320,3284,3
321,297,1
321,359,2
321,4912,3
321,3285,2
321,2363,3
322,4598,2
322,2877,3
322,1636,1
323,4384,3
323,1388,1
323,2567,3
323,2230,3
323,382,1
324,1379,3
324,2164,3
325,3135,2
325,3141,1
326,4977,3
326,4645,1
327,4972,1
327,238,3
327,4950,1
328,2442,1
329,1061,3
329,4599,3
329,4913,2
329,2062,2
330,1690,1
330,2216,3
330,345,1
331,3986,3
331,1492,3
331,4690,2
332,622,1
333,1592,2
333,4812,3
333,4172,1
333,3058,2
334,4792,1
334,1544,1
334,3718,3
334,1395,1
335,43,2
335,4245,1
335,2135,2
335,3134,3
336,3426,2
336,385,3
337,4799,3
337,1191,3
337,4068,2
337,3590,3
337,2804,3
338,4350,1
339,3062,1
339,3460,3
339,2465,1
339,4982,3
340,529,1
340,4068,2
340,4680,2
340,4180,3
341,565,2
341,970,1
341,419,2
341,360,1
341,4801,3
342,337,1
342,2216,1
343,3576,1
343,4734,3
344,2125,1
344,2901,1
344,994,1
344,1710,1
344,3250,3
345,3132,3
345,4409,2
345,614,2
346,4897,2
346,4503,1
346,3350,1
346,2171,2
347,1057,2
347,4377,1
348,4102,1
348,2930,2
349,3405,3
349,1627,3
350,1337,3
350,1609,3
351,4268,1
351,3533,1
351,1569,2
351,2892,1
352,2503,2
352,2213,2
352,2930,1
352,2665,3
352,3335,1
353,1472,1
353,2704,1
353,2116,3
353,4127,3
354,3606,3
354,3429,2
354,3552,2
355,4087,2
355,2726,1
355,1220,2
355,528,3
355,716,2
356,4045,1
356,1016,1
356,4772,1
356,372,3
357,4052,3
357,4079,1
357,1205,1
357,2895,3
358,2892,1
358,2277,1
358,4487,1
358,1190,2
359,1949,3
359,426,2
360,2257,3
360,1614,1
361,2382,2
362,645,3
362,4139,2
363,365,2
363,4308,3
363,2161,3
363,4908,3
364,2365,3
364,2798,2
364,4770,3
364,2970,3
365,4072,1
366,1582,1
366,177,2
366,3857,1
366,3312,2
367,2623,1
367,3219,2
367,384,2
367,305,1
367,4726,3
368,3102,1
368,552,2
368,259,1
368,1454,3
368,1378,1
369,2361,2
369,95,2
369,2876,3
370,1736,1
371,4301,3
371,723,1
372,3369,1
373,1532,1
374,521,1
375,4776,1
375,1399,2
376,3084,2
376,2966,2
377,2946,1
377,1696,2
377,4345,1
378,1194,1
378,2497,2
378,4990,1
379,1660,2
379,2894,3
379,1148,3
379,4961,3
380,4112,1
380,911,1
380,1897,3
380,4342,2
381,4514,1
381,894,1
381,1534,1
381,2915,3
382,174,3
382,1194,2
382,4552,2
383,4681,2
383,513,1
383,4175,1
384,3277,2
384,4084,3
384,1878,2
384,1308,1
384,4869,1
385,4995,3
385,731,3
386,4232,2
386,434,3
386,3806,1
387,3893,3
388,3830,1
388,681,3
389,3349,3
389,3267,3
390,3779,3
390,1120,3
391,3185,2
391,1240,3
391,4846,1
391,2784,1
392,4795,3
392,988,2
392,3453,2
392,1533,2
392,2116,3
393,2470,2
393,4159,1
393,2905,3
394,374,1
394,2721,2
394,3184,3
395,2381,1
396,4930,1
396,4585,3
396,902,2
396,4941,2
397,3719,1
397,4364,2
397,4496,2
397,4780,1
397,648,2
398,261,1
398,105,2
399,4303,2
399,2937,2
399,2051,2
400,4143,3
400,2627,3
400,3813,1
400,3534,1
400,1818,1
401,3243,2
401,2842,2
401,1672,3
401,3375,3
401,3760,1
402,3710,1
402,4861,3
402,571,2
402,4919,2
402,247,3
403,2395,1
403,4751,3
403,937,2
403,3330,1
404,2189,3
404,1077,3
405,4181,3
405,3263,1
405,2943,3
405,1773,1
406,2822,1
406,3476,1
406,1957,3
406,845,2
407,2723,2
408,1554,1
408,3559,2
408,120,2
409,1475,1
409,3847,2
409,4325,3
409,1186,1
409,2760,1
410,2442,1
410,1531,1
411,2133,2
412,1217,1
413,1145,3
413,1345,2
413,2222,3
414,1941,2
414,3319,3
414,2520,1
415,872,1
415,384,3
415,299,3
416,4121,1
416,1648,2
416,4768,3
416,4320,1
416,1048,3
417,552,2
417,177,1
417,2950,2
417,2785,3
418,4962,2
418,1604,3
419,1531,2
420,1614,3
420,2344,1
421,282,3
421,1566,3
422,4949,2
422,633,1
422,531,2
422,1366,2
423,4293,1
423,3290,3
424,716,2
424,2930,1
424,4620,3
424,1575,2
424,4698,1
425,3362,2
425,3110,2
425,576,1
425,4472,2
426,2080,3
426,1805,1
426,404,1
426,1461,3
427,1036,1
427,3396,3
427,3502,3
427,1440,1
427,1424,3
428,2787,1
428,256,3
428,2953,2
428,772,1
428,955,1
429,4755,1
429,4292,2
429,2227,2
429,3266,3
430,3373,2
430,4393,1
430,2615,3
430,2748,2
431,4818,2
431,2164,2
431,435,1
432,857,1
432,1417,3
432,456,1
433,3439,1
434,2661,1
434,2597,3
435,2370,2
435,2025,3
436,3774,3
436,436,1
437,508,3
437,2499,1
437,4912,3
438,809,3
438,36,2
438,2369,2
439,4299,2
439,1913,1
439,3173,2
440,1818,3
441,1765,2
441,4441,1
441,3917,2
441,1237,1
441,1217,1
442,997,2
442,2437,2
442,1257,1
442,1224,1
442,2718,1
443,2464,2
443,4777,1
443,3053,2
443,1149,2
444,2881,2
444,1045,2
444,1414,1
444,1726,1
444,4318,2
445,2134,1
446,3165,3
446,3002,3
447,2968,1
447,3222,3
448,258,3
448,3925,3
448,3125,2
448,2483,3
449,3485,1
449,4079,2
450,3560,2
450,67,3
450,870,3
451,4478,3
451,4283,3
452,4632,2
452,4916,2
453,1529,1
453,2095,3
453,2087,3
454,323,2
454,4314,2
454,68,2
455,3490,1
456,2943,1
456,875,2
457,2842,1
458,964,1
459,4203,3
460,2475,1
460,1963,1
460,4385,3
460,1907,1
460,3506,2
461,784,3
461,3615,1
461,67,1
461,3434,2
461,4622,2
462,3495,1
462,4704,3
463,4548,3
463,1577,3
463,1978,1
463,4579,1
464,3200,2
464,831,2
464,3949,3
465,2035,1
465,4458,1
465,3978,3
465,464,2
465,2026,2
466,1051,3
466,2125,2
466,698,2
467,1128,2
468,3429,1
468,1446,1
468,32,3
469,1888,2
469,4637,2
469,1633,3
469,2442,2
470,4862,2
471,1314,1
471,2642,1
472,2791,2
472,3494,3
472,4564,3
473,4097,3
473,3916,3
473,1314,2
473,4320,1
474,3113,2
474,156,1
474,3075,1
474,4640,2
474,2520,2
475,2515,3
476,2540,3
476,156,1
476,3663,3
476,3145,1
476,106,2
477,505,3
478,1068,2
478,249,3
478,2413,3
478,2508,3
479,977,2
479,4315,1
479,3085,3
480,4385,3
480,3913,3
480,4270,2
480,686,2
480,2816,1
481,761,1
482,4459,3
483,2590,1
484,2398,2
484,1000,2
485,4612,1
485,2503,2
485,1284,1
485,1368,1
486,4511,1
486,4161,3
486,3887,1
487,3019,1
487,2751,3
487,2564,2
488,4344,1
488,4639,3
488,4573,2
488,3821,1
488,637,1
489,2646,1
489,3374,2
489,4358,3
489,3615,3
489,712,2
490,30,1
490,2961,1
490,642,1
491,3830,1
491,890,3
491,3745,2
491,2142,3
492,2458,1
493,36,3
494,4661,1
495,4489,3
495,96,3
495,1597,1
496,912,2
496,388,3
496,3086,3
497,1180,2
498,4205,1
498,1221,2
498,924,2
498,1268,3
499,3157,1
499,2783,2
500,742,2
501,2220,1
501,2285,2
501,4366,3
502,1189,2
502,3242,1
502,2221,3
502,552,2
502,3488,1
503,4322,3
504,416,1
504,457,2
504,301,2
504,1992,1
505,678,2
506,3124,3
507,3374,2
507,1985,1
507,2249,1
508,1966,1
509,3235,1
509,4332,1
509,2757,3
510,3719,1
510,306,2
511,3338,3
511,4587,3
511,672,2
511,2786,1
511,1293,2
512,2720,3
513,2004,2
513,46,2
513,2978,2
513,2681,1
514,3805,2
514,4297,2
514,4489,2
514,2504,1
515,3480,3
516,2659,3
516,655,1
516,3342,3
516,2417,2
516,694,3
517,583,3
517,3615,2
518,3417,2
518,4832,1
518,4935,3
519,3904,1
520,2794,1
520,4309,2
520,1037,1
520,4388,2
521,1934,3
521,1123,3
521,2450,3
521,3100,2
521,527,3
522,2066,1
522,3010,1
522,3492,1
522,1422,3
523,1579,1
523,387,1
524,1117,3
524,1308,2
524,2776,2
525,1239,1
525,1744,3
525,1947,2
525,431,3
526,2695,1
526,4712,1
526,2005,1
526,3044,1
527,4166,2
527,4818,1
527,2316,1
527,4570,3
527,149,1
528,1467,3
528,4581,1
529,3622,3
529,2620,2
529,2683,3
530,4075,1
530,3803,3
530,4197,3
530,49,1
531,4197,3
531,2931,2
531,4570,2
531,3254,3
531,698,2
532,4536,3
532,3634,2
532,4371,2
533,1217,3
533,1555,2
534,4104,1
534,3934,1
534,1638,1
534,3104,3
535,4391,1
535,3061,1
535,2824,2
535,709,2
536,4618,3
537,2581,1
537,1317,2
537,2522,1
537,4433,1
538,4413,2
539,2255,1
540,4683,1
540,4858,2
540,451,2
540,3368,1
541,3805,1
541,2296,2
541,4621,2
542,4861,3
542,2604,2
542,2179,1
542,913,3
542,2295,3
543,2763,1
543,516,2
543,1604,3
543,4712,1
543,704,1
544,3391,1
544,302,2
544,437,2
544,1449,2
545,3014,2
545,2318,3
545,1481,1
545,329,3
546,2008,1
547,2146,2
547,791,2
547,4980,1
547,2821,1
548,2834,3
549,3354,3
549,2761,2
549,1437,2
549,3920,3
550,4521,2
550,3835,2
550,4355,1
550,2250,2
550,328,1
551,1734,1
551,3722,1
552,2683,2
552,3666,3
553,3245,3
554,4053,2
554,4799,1
555,1209,1
555,2620,3
556,2730,2
556,3631,3
557,1582,3
557,3190,1
557,3347,1
558,906,1
558,2445,3
558,4291,2
558,1283,1
558,4870,3
559,4467,2
559,4250,2
559,989,3
560,3591,2
560,2392,2
560,1430,3
561,4770,2
561,3993,2
562,2824,2
563,2256,2
563,3646,3
563,4376,2
563,915,1
564,1973,3
564,4120,1
565,2554,2
566,1921,1
566,3545,1
566,382,2
566,838,2
566,2323,3
567,4290,3
567,4631,2
567,1466,1
568,1651,1
568,79,3
568,4199,2
568,1112,3
568,775,3
569,1662,3
569,4116,2
569,491,2
569,2650,1
570,836,1
570,3363,1
570,4304,1
570,3569,2
571,1115,2
571,4072,1
571,775,2
572,2944,3
572,3168,1
572,575,1
573,3234,2
573,3202,1
573,4353,2
574,1107,2
574,3881,3
575,4368,2
576,2117,3
576,2015,1
576,4401,2
576,604,1
577,4213,2
577,1108,1
577,1605,2
577,3871,2
577,2033,2
578,1800,1
579,4996,2
579,983,3
579,1618,1
579,3937,2
579,1539,1
580,561,1
580,1680,2
580,478,1
580,4427,3
581,3029,3
581,1267,1
581,3817,2
582,1149,1
583,1460,2
583,4609,2
583,3145,2
584,4248,2
584,1079,3
584,3561,3
585,948,3
585,174,2
586,2499,1
586,14,2
586,2113,1
586,598,3
586,411,1
587,3464,3
587,1396,1
587,1143,1
587,1129,3
587,4876,1
588,1067,3
588,1552,3
588,3826,2
588,1082,1
589,610,3
589,1687,2
589,4541,2
589,4692,1
590,3089,1
590,2395,3
590,1305,2
591,4552,2
591,1019,3
592,3559,3
592,2667,2
592,1615,1
593,1581,2
593,1144,3
593,4465,1
594,1846,1
594,4349,3
594,1776,2
594,3555,2
595,3963,1
596,1444,3
596,1070,2
596,1530,3
596,518,1
597,792,2
597,2152,3
598,4088,1
598,3767,2
599,1004,2
599,2207,2
600,2717,1
600,4159,2
601,3981,3
601,2175,3
601,4329,3
601,2135,1
602,1606,1
602,2112,3
602,1075,3
602,1849,3
603,4406,1
603,1649,1
603,287,1
604,469,1
605,3006,2
606,2251,3
606,43,1
607,746,3
607,4766,2
607,2053,3
608,440,1
608,1621,1
608,2158,1
608,4807,2
608,3739,3
609,1181,1
610,350,1
610,174,1
610,3228,3
610,1970,1
610,2574,2
611,715,2
612,4361,1
612,1363,2
613,1981,1
613,648,2
614,1896,1
614,171,1
614,1328,1
614,1114,2
614,680,3
615,2020,2
615,4938,3
615,265,3
615,4822,3
616,334,1
616,1895,1
617,4727,1
617,641,2
617,2911,3
617,4988,1
618,1797,1
618,1941,1
618,4476,2
618,1755,3
618,4448,3
619,1398,1
619,2442,3
619,766,2
620,4152,3
620,308,1
621,3386,1
621,379,2
622,33,1
622,1169,3
622,750,3
623,2303,3
623,2378,3
623,4389,1
623,2453,1
624,1163,1
624,4684,2
624,3804,2
624,4578,3
625,4906,2
625,4563,3
625,4025,1
625,1693,3
626,3263,1
626,2159,2
627,260,3
627,817,1
627,41,1
627,2521,2
628,538,2
629,4341,1
629,3500,2
630,3067,1
630,2572,1
631,1064,3
631,2455,1
631,4102,1
631,1596,2
632,1560,1
632,3592,1
632,2455,1
632,3945,2
633,4351,2
633,3425,1
633,2032,2
633,2635,1
634,2591,1
635,4337,2
635,4510,2
635,2133,3
635,3078,1
635,3768,3
636,3647,3
636,4562,3
636,1312,2
636,1656,1
637,3446,1
637,3473,1
637,2500,3
637,2216,1
637,2679,2
638,3735,2
638,3045,3
638,3818,3
638,4758,3
638,1454,3
639,4881,3
639,3769,2
639,416,1
639,3416,3
640,778,1
641,2951,2
641,1432,1
642,2459,3
642,4732,2
643,3339,1
643,3698,1
643,2011,2
643,3396,3
644,474,2
645,4236,3
645,2533,3
645,2076,2
645,2168,2
645,210,3
646,901,1
646,2477,3
647,2901,2
647,2977,3
648,4827,3
649,1828,3
649,1060,2
649,660,1
649,2790,2
650,4998,3
650,567,3
650,3823,1
650,3778,2
651,4074,2
652,431,1
652,1051,1
652,2889,2
652,3731,3
653,3916,1
653,914,3
653,2178,3
653,2473,1
653,3864,1
654,2195,3
654,2561,3
655,3707,1
655,1204,1
655,3086,3
656,1447,3
657,2313,1
657,4635,2
657,4825,3
658,242,3
658,2877,3
658,331,2
658,559,2
658,3800,2
659,1173,3
659,1828,3
659,4027,1
660,1415,1
660,1337,2
660,2023,3
660,84,2
661,750,2
661,1443,3
661,734,3
662,485,3
663,2993,2
664,1551,2
664,4520,2
664,4796,2
664,4335,3
665,1360,3
665,3984,2
666,4103,2
666,2483,1
666,1959,3
666,710,2
667,222,2
667,4970,3
668,4489,3
668,4972,1
668,4765,2
668,4888,3
669,3518,2
669,4052,1
670,4666,2
670,2369,1
670,2715,2
670,4295,3
670,4488,2
671,3847,3
671,4114,2
671,1012,3
671,240,2
672,2199,3
673,4501,3
673,3424,3
673,951,2
674,450,1
674,1629,1
674,1706,3
675,4553,1
675,1894,1
675,4662,3
675,3422,2
675,4857,2
676,322,1
676,605,3
676,3778,1
676,311,3
677,114,1
677,4447,2
677,904,2
678,222,1
678,1699,2
679,3873,2
679,673,1
680,4932,3
681,4792,2
681,4243,1
682,4646,2
683,1519,2
683,1570,2
683,2992,3
683,4591,1
683,1981,2
684,2118,1
684,3551,1
684,3128,1
684,1617,2
685,71,1
685,2884,3
685,2127,2
685,4953,1
686,2250,2
686,323,3
687,141,3
687,1425,2
687,443,3
687,4503,3
687,4525,1
688,758,3
688,1065,2
689,2675,3
689,3785,3
689,2476,3
689,4050,2
689,4515,3
690,3745,1
690,1986,3
690,2992,1
690,3970,2
690,2607,2
691,4873,2
691,450,2
692,3416,2
692,4152,2
692,1603,3
692,442,3
693,3675,3
693,2160,1
694,3125,1
694,773,2
694,4233,2
695,254,2
695,1011,2
695,2780,3
696,1706,2
697,881,2
698,2714,2
698,3503,2
699,960,1
699,3301,2
700,3712,3
700,1050,3
700,3439,2
700,2386,1
701,707,1
701,4668,2
702,1172,3
702,1259,1
703,3270,2
703,741,2
703,4373,2
704,2242,3
704,1919,3
704,3151,3
704,1097,2
705,4689,1
705,2811,2
705,1937,3
705,4815,1
705,2571,3
706,544,1
706,453,1
706,4381,2
706,1798,2
706,596,3
707,4232,1
707,870,3
708,1883,1
709,1487,2
709,4422,3
709,1585,1
710,4659,1
710,225,3
711,488,2
711,2304,3
712,486,3
712,798,1
712,3941,2
712,4404,1
713,1289,1
713,2114,3
713,3407,3
713,4072,2
713,1350,2
714,492,3
715,4464,3
715,19,1
715,2370,2
715,2426,2
716,4949,1
716,4746,3
716,2889,2
716,2170,3
716,1221,3
717,3626,1
717,3846,1
717,536,2
718,4278,3
718,951,1
718,2453,3
718,645,3
718,697,2
719,4673,2
719,3602,3
719,2595,1
719,3874,3
719,824,3
720,4252,3
721,1820,2
721,1852,1
722,3705,1
722,4772,1
722,3023,2
723,2071,2
723,2516,3
723,4632,1
723,4247,1
724,3280,2
725,4903,1
725,4268,3
725,3220,3
725,1019,3
726,21,2
726,2258,2
726,2491,2
726,2727,2
726,64,2
727,4247,3
727,3125,2
727,4705,1
728,3496,1
728,1241,3
728,347,1
728,1414,1
729,3888,2
730,4252,2
730,2014,2
730,3574,3
730,4219,3
731,2953,3
732,4732,3
732,2017,3
732,2716,1
732,3213,3
733,2883,2
733,1250,3
733,4837,2
733,3615,1
733,2663,3
734,3213,3
735,1758,1
735,2077,2
735,1415,2
736,1287,3
737,2618,3
737,3023,3
737,117,1
737,2605,3
738,1892,2
739,1563,1
739,3017,2
739,986,2
739,4368,3
740,4056,1
740,1221,3
740,1340,1
740,3039,1
741,2515,1
741,2564,2
742,1139,1
743,84,1
744,4446,3
745,1766,1
745,3563,1
745,224,1
745,3950,1
745,3842,1
746,265,3
746,3420,3
746,4222,3
747,203,1
747,3663,1
747,1870,3
748,410,1
748,1679,2
749,1781,2
750,878,2
750,3210,3
751,1775,1
752,146,1
752,1503,1
752,3207,2
753,3859,3
754,4242,2
754,4194,1
754,3757,3
754,4556,1
755,3821,2
756,4234,2
756,4622,3
756,1204,1
757,1553,1
757,122,1
757,3467,3
758,549,1
758,4134,2
758,3138,3
758,3037,3
759,3013,2
759,3704,1
759,2190,3
759,769,1
759,3756,2
760,2190,2
760,3984,1
760,2909,2
761,4860,1
761,142,3
761,4831,3
761,4010,3
761,3615,1
762,2837,2
762,1880,1
762,2007,2
762,2303,2
763,4738,2
763,1463,1
763,3645,1
763,1163,1
763,3506,3
764,3073,1
764,163,3
764,4275,3
764,2556,1
764,1519,2
765,4979,3
766,2975,2
766,1592,1
766,1894,1
766,3472,3
767,2310,3
767,4581,2
768,849,3
768,1632,1
769,982,1
770,612,3
771,2279,3
771,2705,3
771,3963,1
771,3640,2
772,4393,3
772,4417,2
773,2584,3
773,2669,1
773,696,2
773,4288,3
774,3570,2
774,1059,1
775,1221,2
775,2666,3
776,1739,3
776,1688,2
776,641,1
777,472,1
777,3101,3
778,183,1
779,3728,2
779,1469,3
779,4360,3
779,4752,3
780,2539,2
780,100,1
781,1822,3
781,1563,3
781,2295,2
781,3097,3
781,2907,2
782,4558,2
782,4664,2
782,509,2
782,2411,2
782,3870,1
783,3607,3
783,1964,2
783,4351,3
784,4182,2
784,4839,2
785,2145,3
785,4652,2
786,3315,2
787,3549,2
788,1996,3
788,955,1
788,1671,1
788,347,3
788,1033,2
789,3616,3
789,2117,3
789,4528,2
789,4178,3
790,3663,1
790,1107,1
790,3880,2
791,4912,3
791,3535,1
791,1731,2
791,998,2
791,3330,2
792,1805,3
792,1067,2
793,1260,1
793,3316,3
793,2598,3
793,4687,3
794,2998,2
794,1365,1
794,1938,2
794,626,3
795,1935,2
795,1374,3
795,189,2
796,4939,3
796,584,1
796,1362,2
796,251,1
796,546,1
797,4988,2
797,194,3
797,3723,1
797,940,3
798,2367,3
798,3375,2
799,3721,2
799,4574,3
799,1748,1
799,571,2
800,4662,1
800,3117,3
800,7,3
801,3195,1
802,2160,2
802,1418,3
802,3415,2
803,4162,3
804,4896,2
804,606,3
804,244,3
805,2062,1
806,2394,1
806,2169,1
806,1789,3
807,3452,3
807,2833,2
808,71,2
808,4074,3
808,256,1
808,1750,3
808,1032,3
809,2698,3
809,4370,3
810,4036,2
810,4312,2
811,2188,3
811,577,2
811,4118,1
812,3388,3
812,4521,1
813,251,2
813,2277,3
813,2178,1
813,3974,3
814,3967,1
815,3887,1
816,1631,3
816,4527,2
816,3679,2
816,1628,3
817,4877,2
817,1222,2
818,372,1
818,35,1
818,4117,3
818,2480,3
818,3033,3
819,425,1
820,575,1
820,3819,2
821,2910,1
821,459,3
821,2032,2
822,694,1
822,2938,3
822,4187,3
823,4615,1
823,1574,1
824,4914,3
824,3045,1
824,1891,3
825,4574,3
825,3989,3
825,2041,3
825,1204,2
826,3087,3
826,903,1
826,709,3
826,4433,3
827,4688,2
827,2384,2
827,2363,3
827,1271,1
828,1741,1
828,1905,2
828,4494,1
828,4433,2
829,2764,2
829,225,3
829,1483,2
830,4475,2
830,139,1
830,2673,1
831,4424,3
831,1186,1
831,48,1
831,1160,2
832,4821,1
832,1201,1
832,149,2
832,2431,3
832,65,2
833,3496,3
833,775,3
833,1615,3
834,3301,1
834,862,3
834,1705,2
835,3424,2
835,66,2
835,1257,3
836,1510,3
837,4351,2
838,2876,2
839,3877,2
839,507,3
839,691,3
839,121,1
839,2196,3
840,4822,3
841,1170,1
842,4332,1
842,1438,1
842,3571,3
842,2728,2
843,2111,1
843,1721,1
843,3512,2
843,4253,3
843,3097,2
844,326,1
844,52,2
844,4047,3
844,258,2
845,1733,1
846,2493,2
846,633,3
846,1405,1
846,1518,1
846,3912,1
847,4941,3
848,4257,2
849,2666,2
849,4590,2
850,3377,1
851,3335,1
851,4306,1
851,2155,1
851,755,1
851,4539,3
852,1235,3
852,826,1
852,1237,2
852,3065,2
853,2529,3
853,2071,3
853,3231,1
854,1166,3
854,4788,1
854,739,1
854,4643,3
855,2277,1
855,2343,3
855,102,1
856,4888,2
856,4693,3
856,1653,2
856,3728,3
856,4391,2
857,1103,3
858,1847,1
858,4398,2
858,3920,2
859,2195,3
859,3850,1
859,522,1
860,3220,2
860,3659,2
860,1817,3
860,1505,3
860,4050,3
861,569,1
861,1448,2
861,1925,1
861,4731,1
862,369,2
862,3202,2
862,2629,1
862,2375,1
862,2367,3
863,732,2
863,3514,3
863,3141,2
864,1835,1
864,522,1
865,2114,2
865,27,1
865,1293,2
865,1205,1
866,1015,2
866,344,3
867,4677,1
867,4262,1
867,724,3
867,3577,2
868,1035,1
868,1045,2
869,4512,2
869,1000,2
869,4546,3
869,1720,3
870,525,3
870,3638,1
870,2379,1
870,4006,2
871,1445,1
871,397,3
871,1110,3
871,3009,3
871,4248,3
872,468,2
872,822,1
872,3118,1
872,2554,3
873,4520,2
873,2508,3
873,135,3
874,3453,3
874,4099,2
874,2456,2
874,64,2
875,2707,2
875,1350,3
875,2892,1
875,926,3
876,2005,3
876,226,3
877,519,2
877,3393,1
878,1523,3
878,1949,3
878,1467,2
878,4072,2
879,4156,1
879,1594,1
879,2570,1
879,2296,1
880,2458,1
880,3764,3
880,1871,1
880,568,3
880,3074,3
881,3313,2
881,2334,3
881,321,1
881,4846,3
881,607,1
882,768,2
882,3749,3
882,4294,1
883,84,3
883,2725,1
884,4711,1
884,1129,2
884,3595,3
884,908,2
885,2631,2
885,3126,2
885,4043,3
886,4524,1
886,4992,3
886,1046,2
886,727,2
887,3311,3
887,870,3
888,4740,1
888,3375,2
888,999,2
888,2572,3
888,4767,3
889,2661,2
889,1034,2
889,653,1
889,792,2
890,3169,2
891,4136,1
891,3097,1
891,3422,2
891,3058,2
892,4383,2
892,1748,3
893,2459,1
893,4883,1
893,308,1
893,3556,3
894,4432,2
894,2870,1
894,1339,3
894,4231,2
895,729,1
895,2135,3
895,783,3
896,782,2
896,2900,3
896,3392,1
896,3141,1
896,3670,3
897,2439,3
897,1927,3
897,4257,1
898,926,1
898,1835,2
898,787,1
898,1895,2
898,2090,1
899,3423,1
899,335,2
900,3004,2
900,4322,2
901,658,3
901,493,2
902,943,2
902,3880,1
902,4770,2
903,724,3
903,2609,2
903,2670,3
903,2362,1
904,1938,1
904,1841,2
904,3405,1
904,2335,3
905,2367,1
905,33,1
905,1632,1
905,1363,2
906,830,2
906,1288,3
907,4303,3
907,757,3
907,3454,3
907,2299,1
907,62,2
908,2898,2
908,3413,3
908,3302,1
908,3221,3
908,4747,2
909,720,2
909,4525,2
909,3245,1
909,3857,3
910,757,2
910,4662,1
910,1602,1
910,758,3
910,4170,3
911,4031,3
911,3054,2
911,1737,3
912,2754,2
913,3157,1
914,4013,2
915,3474,1
915,1571,3
916,2023,1
916,94,1
916,1840,3
916,1083,3
916,3663,1
917,1196,2
917,4972,1
917,1763,3
917,2017,1
917,2489,1
918,4146,1
918,3487,3
919,3033,3
919,4962,3
919,1977,3
920,761,2
920,4852,1
920,2505,2
921,2516,3
921,3144,3
921,3420,1
922,1140,3
922,727,3
923,3246,2
923,2598,2
923,227,2
923,3203,2
924,1941,1
924,600,1
924,4330,1
924,1882,2
925,1991,1
925,624,2
925,3244,2
926,4500,3
926,3463,3
926,2129,2
926,1037,1
927,4636,3
927,3143,2
927,4792,2
928,2267,3
928,3979,3
928,1286,1
928,1797,2
928,4899,1
929,554,3
929,1723,3
930,2698,3
930,3432,3
930,3829,1
931,3964,3
931,3038,2
931,3052,1
932,889,3
932,425,1
933,759,3
933,4535,3
933,2371,1
933,1859,3
934,4932,1
934,410,2
934,2392,1
934,2573,2
934,3606,1
935,1503,1
935,1470,2
935,3449,3
936,4407,3
936,598,1
936,2005,1
936,3940,2
936,1135,1
937,2255,3
937,3325,1
938,2562,3
939,8,3
939,422,2
940,3521,2
940,4947,2
940,1471,1
940,1973,1
940,429,3
941,2915,2
941,3953,1
941,642,2
941,3802,2
942,2374,1
942,1071,2
942,133,3
943,3821,1
943,1673,2
943,3198,1
943,2464,1
943,1999,2
944,3,3
945,817,3
945,2998,2
945,2713,2
946,1235,1
946,2226,2
946,3560,1
946,1649,3
947,788,2
947,3781,3
947,4498,2
948,1647,1
948,501,3
948,3391,1
948,845,3
949,4309,1
949,2025,2
949,1105,3
950,2414,2
951,1977,1
951,4433,2
952,794,3
952,4744,1
952,2780,3
952,2181,2
952,1553,3
953,195,1
953,1387,3
954,2079,3
954,309,3
954,2091,3
954,615,2
954,1999,1
955,2812,1
955,4921,3
956,3950,2
956,4047,1
956,209,1
957,4908,1
958,1448,1
958,2026,1
959,2630,3
959,4145,2
960,1430,1
960,4328,1
960,4132,1
960,3529,2
960,2554,3
961,4419,2
961,1731,3
961,1147,2
961,3948,1
961,809,2
962,3589,2
962,429,2
962,4139,3
962,4437,2
962,2560,2
963,1593,3
963,2809,3
963,4258,3
964,3027,3
964,1164,1
964,3431,1
965,2560,3
965,4775,2
965,3931,2
965,1469,3
966,4188,1
966,1464,2
966,1451,3
967,4749,3
967,2324,2
967,3876,2
967,3713,1
967,2264,2
968,4342,2
968,4586,1
969,3673,1
969,2264,2
969,1028,1
970,2316,2
970,4850,1
971,1385,2
971,3808,2
971,2548,3
971,2903,3
971,858,2
972,4721,3
972,94,3
972,4481,2
972,4516,2
972,1470,3
973,498,3
973,2110,2
973,3915,2
973,808,3
974,3356,2
974,579,3
974,4007,3
974,4031,3
975,2177,2
975,1603,1
975,4194,1
975,4305,1
975,825,2
976,2001,3
977,4227,3
977,3103,3
978,3978,3
978,4070,1
978,4230,1
979,2207,2
979,2460,3
979,2527,3
979,1541,3
980,4270,2
980,1891,3
980,681,3
980,2177,3
981,4199,2
982,686,2
982,4280,1
982,1167,3
982,4928,3
983,3927,2
983,2448,3
983,1086,3
983,3558,2
984,3713,2
984,4831,1
984,1587,2
984,3157,2
985,4661,3
986,982,1
986,656,1
987,1207,1
987,74,2
988,3007,1
988,1165,2
988,3395,3
988,4745,3
988,86,3
989,4949,3
989,315,1
989,3110,1
989,2930,3
989,1218,3
990,2638,2
991,172,1
991,2896,3
991,964,3
991,3652,3
992,808,2
992,27,1
992,2352,2
992,4523,1
993,2939,3
994,4555,1
994,4209,2
994,52,3
994,3255,2
994,1245,1
995,3796,3
995,509,3
996,2518,3
996,1533,3
996,1703,1
996,2753,1
997,3511,3
997,1427,3
998,1878,1
998,438,1
998,2793,1
998,4871,2
999,4669,3
999,4386,1
999,1748,2
1000,1685,2
1000,3960,1
1000,1991,1
1000,196,1
1000,2003,1
1001,76,3
1002,255,1
1002,368,1
1002,1774,1
1003,4845,1
1004,4470,2
1005,3868,2
1005,2607,1
1005,1256,1
1005,3246,1
1006,815,2
1006,99,2
1007,2110,3
1007,1116,3
1008,3425,3
1008,3983,2
1008,1678,1
1008,3940,3
1009,4032,1
1009,3629,2
1009,2487,3
1009,2386,1
1009,449,3
1010,1314,3
1010,361,2
1011,3173,2
1011,2620,1
1011,1892,2
1012,3088,2
1012,4809,1
1012,1450,1
1013,1927,2
1014,3397,2
1014,565,1
1015,1018,2
1015,2387,2
1015,1244,3
1015,1315,2
1016,1483,2
1016,3155,3
1016,1876,3
1016,1215,2
1016,3470,3
1017,1342,2
1018,493,1
1018,3661,3
1018,3547,2
1019,3686,3
1019,1527,2
1019,3588,3
1019,3692,3
1019,3200,3
1020,1721,3
1020,3861,1
1021,1953,1
1021,189,2
1021,4122,3
1022,3465,2
1022,699,1
1023,2747,3
1023,1795,2
1023,3775,2
1024,1688,2
1025,2697,3
1026,1084,2
1026,1143,2
1026,1368,3
1027,3126,2
1028,2436,1
1028,2410,2
1028,872,1
1029,2456,3
1030,307,3
1031,2290,1
1031,2092,3
1031,3974,1
1031,1233,2
1031,1213,1
1032,2602,3
1032,3923,2
1033,3278,2
1033,4002,1
1033,4968,3
1033,308,3
1034,4142,2
1034,2695,2
1034,4515,2
1035,3221,2
1035,1054,1
1035,660,2
1035,448,1
1035,611,1
1036,3413,2
1037,4603,1
1037,434,3
1037,1136,3
1037,3118,2
1037,84,3
1038,1871,2
1038,3421,2
1038,1753,3
1039,570,2
1039,3367,3
1039,1148,3
1040,4431,3
1040,4698,1
1040,1499,2
1040,4894,3
1040,1403,1
1041,1797,2
1041,1762,2
1041,3281,1
1041,1807,3
1042,3802,3
1042,1505,2
1042,267,3
1043,4953,2
1043,489,1
1043,1418,3
1044,968,3
1044,1770,2
1044,3315,3
1044,806,3
1044,1945,1
1045,1679,1
1046,3662,2
1047,566,2
1047,146,1
1047,3850,3
1047,280,1
1048,3777,2
1048,949,2
1048,3245,2
1048,4993,1
1048,1033,1
1049,1924,3
1050,3006,1
1051,3217,1
1051,3333,1
1051,3650,1
1052,4138,1
1052,2611,2
1053,31,3
1053,2202,1
1054,4573,3
1055,4534,1
1055,4360,3
1056,3716,2
1056,2095,3
1056,3881,2
1056,4839,1
1056,4003,2
1057,2814,2
1057,4918,3
1057,2645,3
1058,3293,3
1058,1534,3
1058,5000,1
1059,299,1
1059,1143,2
1059,3191,3
1059,4628,2
1060,2807,3
1060,1526,3
1061,1270,1
1062,4385,3
1062,1558,2
1062,1347,2
1062,2335,3
1063,4405,2
1063,3196,2
1063,2502,3
1063,3191,2
1063,3744,2
1064,312,3
1064,2920,3
1065,252,3
1065,831,3
1066,1400,3
1066,3306,2
1067,4060,1
1067,13,2
1068,2093,1
1068,52,3
1068,999,1
1068,561,3
1068,43,3
1069,3480,3
1069,2523,2
1069,4039,3
1070,4538,1
1070,2843,1
1070,3930,3
1070,3007,2
1070,4123,2
1071,927,3
1071,4338,2
1071,173,3
1072,236,2
1073,2602,2
1073,3418,2
1073,1128,1
1074,353,1
1074,4768,1
1074,4174,3
1074,1357,3
1075,1160,1
1075,2396,2
1075,6,1
1075,1759,2
1076,749,1
1076,358,2
1076,412,3
1076,4206,2
1077,3414,2
1077,2266,1
1077,4440,3
1077,1733,3
1078,3047,1
1078,1129,3
1078,2775,1
1079,105,3
1079,1681,2
1079,3360,2
1080,1259,1
1080,1218,3
1080,1200,3
1080,4881,1
1080,4724,1
1081,1703,3
1081,1209,2
1082,4567,1
1082,3696,3
1082,4409,3
1082,2746,3
1083,2316,3
1083,2334,3
1084,4120,3
1085,1028,1
1085,3174,2
1085,4807,2
1085,3432,1
1085,3987,1
1086,3799,1
1087,2314,1
1087,954,1
1087,922,2
1087,4797,3
1087,1640,3
1088,4065,1
1088,3752,2
1088,310,1
1088,2961,3
1088,3877,3
1089,4255,3
1089,24,3
1089,589,2
1089,3787,3
1090,1397,2
1090,4689,3
1091,194,2
1092,4358,1
1093,4667,2
1094,1030,2
1094,3684,1
1095,1629,1
1095,3681,1
1095,4375,2
1096,209,1
1097,2985,1
1097,4370,1
1097,4865,3
1098,4723,2
1098,4501,1
1098,1578,2
1099,2771,2
1099,1310,1
1100,3939,1
1100,4500,2
1100,4174,2
1100,3767,1
1100,2689,1
1101,1813,3
1102,3127,3
1102,2686,3
1102,4431,3
1103,2691,2
1104,2945,2
1104,1210,3
1105,4541,2
1105,4658,3
1105,2179,3
1106,3488,1
1106,2329,2
1106,4157,1
1106,4114,1
1106,2278,1
1107,3058,3
1107,955,3
1107,3946,3
1108,4642,2
1108,2860,2
1109,2834,1
1109,3128,1
1110,3906,2
1110,358,3
1111,4443,3
1112,824,2
1112,3140,3
1112,4501,1
1112,2706,2
1112,2829,1
1113,3301,3
1113,4677,2
1113,4892,2
1114,3694,2
1114,2619,1
1114,4602,3
1115,2273,3
1116,4727,2
1116,4645,3
1116,1779,2
1116,717,2
1116,352,1
1117,4997,3
1117,691,1
1117,2819,3
1117,2219,2
1117,3281,3
1118,2418,2
1118,2169,3
1118,1589,2
1118,1444,1
1118,3894,3
1119,695,2
1119,1459,2
1119,2404,1
1119,3271,2
1119,2560,1
1120,3034,2
1120,365,1
1120,948,1
1120,2354,1
1120,3125,1
1121,1968,1
1121,2274,2
1122,106,1
1122,2470,3
1123,2631,1
1124,485,1
1125,700,2
1125,2017,3
1125,3873,1
1125,2786,1
1125,4801,3
1126,2043,1
1126,1033,1
1126,1673,1
1127,1554,1
1127,1485,2
1127,3528,1
1128,485,1
1128,3016,2
1128,1132,1
1128,3733,1
1129,146,3
1129,2026,3
1129,1892,2
1130,3103,2
1130,3239,1
1130,4710,1
1130,719,2
1130,4494,2
1131,3512,2
1132,4380,1
1132,1562,3
1132,2002,2
1132,4886,2
1133,4951,2
1133,2775,1
1133,2455,3
1133,2368,1
1133,374,2
1134,206,1
1135,2109,2
1135,1511,1
1135,3703,3
1135,302,1
1136,3329,1
1137,1376,1
1138,1943,2
1138,1031,1
1138,4480,2
1138,307,1
1138,4579,3
1139,3206,1
1140,4654,3
1140,2042,1
1140,3438,3
1141,4174,3
1141,3494,2
1141,1714,2
1141,3183,3
1142,2459,2
1143,2708,3
1144,4751,3
1144,4761,3
1144,315,3
1144,985,1
1145,1464,3
1145,2637,3
1145,1616,2
1145,381,2
1146,1328,1
1146,853,1
1146,3306,1
1147,3665,3
1147,1121,1
1147,280,2
1147,1399,2
1147,35,2
1148,3631,3
1148,2130,3
1148,16,1
1149,2804,1
1149,3024,3
1150,283,1
1150,3678,2
1151,1574,2
1151,695,1
1151,2092,3
1151,1025,1
1152,2080,1
1152,4075,3
1152,493,3
1152,1476,2
1153,1792,3
1153,1837,2
1153,464,1
1154,1791,1
1154,473,2
1154,2527,1
1154,4035,3
1154,1010,3
1155,2689,1
1155,1383,2
1155,3917,2
1155,1062,3
1156,4562,3
1156,987,3
1156,2901,1
1156,4806,3
1156,2592,1
1157,2915,2
1157,1234,3
1158,3665,1
1158,3279,3
1159,715,2
1159,3493,3
1159,3046,3
1159,1152,3
1160,923,1
1160,3879,1
1160,3033,2
1160,2667,1
1161,2883,2
1161,3773,2
1161,2062,1
1161,2837,1
1161,4415,2
1162,1146,1
1162,574,2
1162,4499,3
1163,4633,2
1163,4659,1
1164,3896,1
1164,1666,3
1165,41,3
1165,2031,3
1165,3145,1
1165,2303,2
1165,1961,2
1166,4821,1
1167,1965,2
1168,347,2
1168,458,1
1169,31,1
1169,530,1
1170,4412,2
1171,2520,3
1171,4293,2
1171,1925,1
1171,1993,1
1172,2395,1
1172,2523,3
1173,4659,2
1174,3851,2
1174,3382,3
1174,777,3
1175,3278,1
1175,4984,1
1175,4894,2
1176,2477,3
1177,3009,2
1177,3132,1
1177,156,2
1178,133,1
1178,2165,1
1178,1398,1
1178,228,1
1179,1072,1
1179,412,1
1179,3459,3
1179,2690,3
1180,4644,2
1180,3102,3
1180,4825,1
1180,67,2
1180,1035,1
1181,3293,3
1181,431,3
1181,2663,1
1181,359,2
1182,3891,1
1182,161,1
1182,2320,1
1183,3296,3
1183,781,3
1184,393,1
1185,909,2
1185,2479,2
1186,4517,1
1186,873,1
1186,2059,3
1186,235,2
1187,2325,2
1187,1931,1
1187,4323,2
1187,3977,2
1187,1739,3
1188,1332,1
1189,2768,1
1189,2148,1
1189,1600,3
1189,3943,2
1189,4261,2
1190,3633,3
1190,4452,1
1191,884,1
1192,579,3
1193,3080,3
1193,2587,1
1193,2244,1
1193,4668,2
1194,3710,2
1194,1319,3
1195,4661,1
1195,3023,2
1195,761,1
1195,3116,3
1196,1790,1
1196,1070,1
1196,2256,3
1196,1327,2
1197,1393,3
1197,3799,2
1197,1421,3
1198,3965,2
1199,4929,3
1199,2590,3
1199,1876,2
1200,4907,2
1200,2142,1
1200,2126,1
1200,1046,1
1200,3068,1
1201,4981,3
1201,4854,2
1201,1141,2
1202,3649,3
1203,1063,1
1204,4308,3
1204,2654,2
1205,1282,1
1205,761,3
1205,2781,3
1205,3047,2
1205,3296,2
1206,3234,3
1206,1614,1
1206,11,3
1207,1388,1
1207,1029,2
1207,2780,1
1207,2146,2
1208,3771,1
1208,3287,2
1208,242,1
1208,4299,1
1208,302,1
1209,567,1
1209,567,3
1209,3288,2
1210,2300,1
1210,3136,3
1210,4802,3
1210,4864,3
1210,1918,2
1211,654,1
1212,4281,2
1212,1540,1
1212,2063,1
1212,2676,3
1212,2454,3
1213,952,1
1213,3675,3
1214,3386,2
1214,85,1
1214,331,3
1214,4911,3
1214,4387,3
1215,3327,1
1215,361,2
1215,3558,3
1215,277,1
1216,658,1
1217,544,2
1217,23,2
1217,664,1
1218,272,1
1219,95,3
1219,2324,2
1219,49,1
1219,4250,3
1219,861,3
1220,801,1
1220,557,3
1221,1712,1
1221,73,1
1221,3002,3
1222,474,3
1222,1836,2
1223,3462,1
1223,4828,2
1224,1860,1
1225,3434,1
1225,4578,1
1226,4928,1
1226,669,1
1226,819,3
1226,953,1
1226,1798,2
1227,296,3
1227,2256,2
1227,2672,1
1227,1933,2
1228,1760,3
1228,2290,1
1228,1366,3
1228,4746,3
1228,3783,3
1229,2265,2
1229,1871,2
1229,4771,3
1229,3789,1
1229,3547,2
1230,3992,3
1230,4445,1
1230,1140,2
1231,4437,3
1231,3864,1
1231,4580,2
1231,835,3
1231,1786,1
1232,4978,2
1232,2320,3
1232,4953,2
1232,307,1
1232,1166,3
1233,1966,3
1233,4675,1
1233,3029,2
1233,652,1
1233,672,2
1234,4365,3
1235,2297,2
1235,3400,2
1235,904,1
1235,4018,1
1236,2724,3
1236,1334,2
1236,3066,3
1236,3053,3
1236,2534,1
1237,2858,2
1237,3410,3
1237,4041,3
1237,551,1
1238,2364,3
1239,3163,3
1240,3282,3
1240,2603,3
1240,1414,1
1241,4394,1
1241,3766,2
1241,3111,1
1241,4029,1
1241,264,2
1242,4359,2
1242,2382,1
1242,3680,1
1243,4902,3
1243,1298,2
1243,1644,2
1243,2508,1
1244,1303,3
1244,4533,3
1244,3626,2
1244,2759,1
1245,4614,3
1245,4983,3
1246,713,2
1246,1740,3
1247,770,1
1247,2117,3
1248,914,3
1248,2038,3
1248,565,3
1249,3882,3
1249,4924,1
1249,3837,3
1249,295,3
1250,1500,1
1250,1095,3
1250,117,1
1250,974,3
1250,1767,3
1251,3295,2
1251,1164,2
1251,435,2
1252,3719,2
1252,798,3
1252,3914,1
1253,2613,2
1253,4851,2
1253,1507,1
1254,3313,1
1254,3952,2
1254,1890,3
1254,4387,2
1254,963,1
1255,2801,1
1255,1805,3
1255,4991,2
1255,1103,2
1255,3945,1
1256,1409,3
1256,39,1
1256,2050,2
1256,4621,3
1256,3293,1
1257,37,1
1257,2777,3
1258,2241,1
1258,1076,2
1258,3507,1
1258,4510,3
1258,802,2
1259,4285,1
1259,4038,3
1259,3158,1
1259,2536,2
1260,1995,2
1260,1582,3
1260,307,2
1260,277,1
1260,2835,3
1261,2295,2
1261,3442,3
1261,1356,3
1261,3228,1
1262,52,3
1263,500,3
1263,2297,3
1264,1460,3
1264,200,3
1265,4478,2
1265,1320,2
1265,1569,2
1265,2381,3
1265,4345,2
1266,2466,2
1266,13,1
1267,4311,3
1268,216,3
1268,4068,2
1268,1285,2
1269,3366,1
1269,3979,1
1269,149,2
1269,4621,2
1269,2801,3
1270,4683,2
1270,1073,2
1270,297,3
1270,2523,3
1270,1610,3
1271,1569,1
1271,4367,1
1271,374,2
1271,575,2
1272,3228,3
1272,3622,1
1272,1240,2
1272,2856,3
1273,3681,2
1273,2244,3
1273,68,2
1274,2084,3
1274,4489,1
1274,4550,2
1274,3185,3
1275,3502,1
1276,2401,3
1277,364,1
1277,1849,2
1278,2107,1
1278,4292,3
1278,4647,3
1278,1307,1
1278,1641,1
1279,1299,1
1279,3767,1
1279,4359,3
1279,1133,1
1280,2597,3
1280,751,2
1281,1485,2
1281,321,2
1281,4010,1
1281,4670,1
1282,4306,3
1282,3690,3
1283,4931,3
1283,3994,2
1283,2664,1
1283,2340,1
1284,76,1
1284,4480,3
1284,1635,1
1285,1849,2
1285,103,1
1285,2790,3
1286,1273,3
1286,2296,2
1286,4956,2
1286,1685,3
1286,1135,2
1287,459,1
1287,4001,1
1287,3039,1
1288,2171,3
1289,1461,3
1290,1880,2
1290,317,1
1290,1520,3
1291,4042,3
1291,4368,2
1291,1804,2
1291,2647,2
1292,429,2
1292,2175,2
1293,4211,3
1294,461,2
1295,3930,2
1295,2732,2
1295,1590,1
1295,451,2
1296,2727,2
1296,2522,3
1296,271,2
1296,4968,1
1296,3670,3
1297,1971,3
1297,4494,1
1298,3901,3
1298,3918,2
1298,4269,1
1299,1552,3
1299,399,2
1299,3707,3
1300,2109,3
1300,4885,2
1301,3597,2
1302,426,1
1302,1238,1
1302,3961,1
1303,4998,2
1303,4946,1
1304,619,2
1304,2538,2
1304,1629,3
1305,231,3
1305,3804,3
1305,4471,3
1306,2808,3
1306,1721,3
1306,1092,1
1306,1944,1
1307,2868,2
1307,3922,1
1308,13,3
1309,3710,2
1309,240,1
1310,4935,2
1310,247,3
1310,4059,2
1310,3961,3
1310,1905,3
1311,4398,2
1311,4197,2
1312,2961,2
1312,141,3
1312,1433,2
1313,4699,2
1313,2579,1
1314,38,1
1314,4425,1
1314,1783,2
1315,450,1
1316,4360,3
1316,2635,3
1317,995,1
1317,873,3
1318,4269,3
1318,4177,3
1318,3172,1
1318,3960,1
1319,3798,1
1319,1617,3
1319,896,3
1320,2669,3
1320,4143,2
1320,4055,1
1321,4720,1
1322,3554,1
1322,2441,3
1322,2800,2
1323,83,2
1324,1387,2
1324,511,3
1325,1243,1
1326,4509,3
1326,4336,1
1327,2565,1
1327,2763,3
1327,2643,1
1327,4742,2
1327,4919,1
1328,1309,3
1329,3589,1
1329,3118,1
1329,2132,3
1329,2177,3
1330,2171,3
1330,738,3
1330,809,2
1330,1979,1
1331,1923,3
1331,2014,2
1331,4209,2
1331,1044,1
1331,2549,3
1332,3579,2
1332,1802,2
1332,2774,3
1332,4862,1
1333,1466,3
1333,4302,3
1333,1543,1
1334,4059,2
1334,3477,1
1335,4872,3
1336,3935,3
1337,623,3
1337,1122,2
1338,4389,1
1338,1314,2
1339,4730,3
1339,2184,1
1339,4410,3
1339,1171,1
1339,3638,2
1340,2042,1
1340,2234,3
1340,3110,2
1340,2986,2
1341,462,1
1342,6,3
1342,3352,1
1342,1748,2
1342,4654,3
1342,3770,3
1343,3977,2
1343,842,3
1343,812,2
1344,2112,3
1344,2313,3
1344,4906,3
1344,4576,1
1345,2590,3
1345,2543,2
1346,4387,1
1346,43,1
1346,243,1
1346,1561,1
1347,2484,1
1347,4960,3
1347,4308,3
1347,2298,1
1347,2087,2
1348,4899,3
1348,1200,3
1348,4336,3
1349,4929,3
1349,408,1
1349,4796,1
1349,2919,1
1349,4317,3
1350,1159,2
1350,2066,1
1350,3801,1
1350,1825,1
1350,3351,2
1351,382,1
1352,3709,2
1352,1211,3
1352,4234,2
1353,1399,2
1354,3795,1
1354,3109,1
1354,4572,3
1355,1455,2
1355,912,3
1355,617,1
1356,1384,2
1356,3244,2
1356,3169,2
1356,2595,1
1356,4170,1
1357,404,2
1358,4795,1
1358,470,1
1358,4929,3
1359,757,3
1359,1939,3
1359,2923,1
1360,1135,2
1360,1153,2
1360,2191,1
1361,3554,1
1361,2183,1
1362,2253,1
1362,541,2
1362,2597,3
1362,4045,1
1362,158,1
1363,1480,1
1363,2941,2
1363,597,3
1363,1709,2
1363,1277,2
1364,4084,2
1364,4234,3
1365,1719,3
1365,1164,2
1365,1860,3
1365,772,1
1366,1155,1
1367,1531,2
1368,603,1
1369,2155,1
1370,1048,3
1370,1518,2
1370,3369,2
1370,770,1
1370,341,1
1371,2701,2
1371,3341,2
1371,1241,1
1372,532,1
1372,659,2
1372,2894,3
1372,1386,2
1373,3837,1
1373,2004,3
1373,4478,3
1373,2125,1
1374,4296,1
1375,4289,2
1376,1866,3
1376,4911,1
1376,316,2
1377,2432,3
1377,3392,2
1378,2704,2
1378,1076,3
1378,3339,1
1378,3490,1
1378,1398,2
1379,698,1
1379,2038,1
1379,992,1
1379,2492,1
1379,4764,3
1380,4001,3
1380,3632,3
1380,60,3
1381,1907,2
1382,4582,3
1383,4227,2
1383,2506,3
1384,1350,2
1384,3579,1
1385,2926,2
1385,4301,2
1385,3246,3
1386,1068,2
1386,559,2
1386,4010,1
1386,4020,3
1386,1952,3
1387,3907,2
1387,3870,1
1387,1127,3
1387,4562,2
1387,3978,3
1388,4608,3
1388,2042,3
1388,976,2
1388,3719,2
1388,569,2
1389,4646,3
1389,1410,3
1389,3171,3
1389,694,1
1390,1010,1
1391,2933,3
1391,2231,3
1391,314,3
1391,625,2
1391,1686,2
1392,4153,2
1392,118,2
1392,1235,3
1393,1036,2
1393,4585,2
1393,3512,2
1394,4034,2
1394,2161,2
1394,1341,2
1394,2169,1
1395,3257,2
1395,510,3
1395,3651,2
1396,2347,2
1396,258,1
1397,4269,3
1397,1244,2
1397,3645,1
1397,3267,2
1397,3360,2
1398,2666,2
1398,1511,1
1398,1401,1
1398,1744,3
1398,4220,2
1399,303,3
1399,722,2
1399,3829,1
1400,816,1
1401,275,3
1401,167,3
1401,1872,1
1401,718,3
1401,1245,3
1402,4203,2
1402,1227,1
1403,2803,2
1403,4977,2
1403,1787,2
1403,3474,1
1404,2241,1
1404,1215,1
1404,3367,2
1404,2379,2
1405,1299,2
1405,2397,3
1405,464,3
1405,2713,2
1405,4701,3
1406,3062,1
1407,1750,2
1408,268,2
1408,1313,1
1408,1781,2
1408,4458,1
1409,4457,2
1409,839,2
1409,4607,3
1409,2924,1
1409,2323,1
1410,3056,3
1410,4779,3
1410,4862,3
1411,240,2
1411,1177,1
1412,4304,1
1412,1090,3
1412,4807,3
1412,1800,2
1412,1218,3
1413,1281,2
1413,3025,2
1414,593,1
1414,1541,2
1414,3463,1
1414,662,3
1415,3953,1
1415,106,1
1415,2508,1
1416,2869,1
1416,4016,2
1417,3218,3
1417,4798,3
1417,3221,1
1417,4460,3
1418,1931,3
1418,2492,1
1419,2413,2
1420,1229,3
1420,3814,1
1420,3071,2
1420,771,2
1421,3721,1
1421,414,2
1421,4080,2
1421,2014,2
1422,3412,3
1422,3288,2
1422,4386,2
1423,949,2
1424,846,3
1424,2752,1
1424,1054,2
1424,1155,3
1424,2969,1
1425,4612,1
1425,1622,1
1426,443,3
1426,4976,1
1427,4826,3
1427,3097,1
1427,2519,3
1427,3758,2
1428,115,3
1429,539,1
1429,2588,2
1429,7,1
1430,3550,1
1431,3493,3
1432,4751,2
1432,144,1
1432,4650,3
1432,4871,2
1432,666,1
1433,1621,1
1433,4581,1
1434,1014,1
1434,1287,1
1434,1293,1
1434,4272,2
1435,4697,1
1435,3429,2
1436,1922,3
1437,3787,2
1437,2800,1
1437,2337,1
1437,2621,1
1438,3406,3
1438,4594,1
1439,4157,1
1439,1526,2
1439,2011,1
1439,867,1
1439,3399,1
1440,3494,3
1440,1943,3
1440,4789,3
1440,637,3
1440,2429,3
1441,1140,3
1442,4238,3
1443,4450,1
1443,1953,1
1443,2132,1
1443,4029,3
1443,1563,3
1444,1684,1
1445,1770,1
1446,3632,3
1446,1316,1
1447,654,1
1448,1182,2
1448,3121,2
1449,4834,1
1449,1520,1
1450,2130,3
1450,2684,3
1451,4925,3
1451,3634,1
1451,3745,2
1451,4938,1
1451,2060,2
1452,359,1
1453,2746,1
1453,1254,3
1453,1204,2
1454,4287,1
1454,2691,1
1455,232,2
1455,4898,3
1455,3455,1
1456,2541,3
1457,797,2
1457,1997,1
1458,119,1
1458,2679,1
1458,468,1
1458,572,1
1459,1563,1
1459,101,2
1459,3024,1
1460,2713,2
1460,4225,2
1460,4591,1
1461,2024,2
1461,2468,1
1461,2187,2
1461,2683,2
1461,626,1
1462,2714,3
1462,278,2
1463,2408,2
1463,4839,2
1463,1450,2
1463,3020,1
1463,1036,3
1464,2124,3
1464,3112,1
1464,824,2
1464,906,1
1465,500,2
1465,4818,1
1466,1773,2
1466,4970,3
1466,1514,2
1466,583,1
1467,4454,3
1467,171,1
1467,326,3
1467,3768,2
1467,714,3
1468,3449,1
1468,4579,3
1468,4199,1
1468,3638,2
1469,3565,2
1469,4259,2
1469,677,1
1469,540,2
1470,3247,2
1470,4171,2
1470,4099,2
1471,4972,3
1471,3932,1
1472,816,2
1472,1471,1
1472,4627,1
1472,1108,1
1472,1878,1
1473,3144,3
1473,1268,2
1473,4692,2
1474,1491,1
1474,664,3
1475,1840,2
1475,2601,1
1476,1896,1
1476,1453,2
1476,3240,1
1476,4294,1
1477,3171,2
1477,4018,2
1477,2566,2
1478,1134,3
1478,3225,1
1478,762,2
1479,2375,2
1479,2723,2
1480,4714,1
1480,1630,3
1480,2115,1
1481,1020,3
1481,2313,1
1481,3895,1
1481,886,2
1481,178,1
1482,4034,1
1482,1955,3
1482,3692,2
1482,930,2
1483,2014,3
1483,584,3
1483,3373,1
1483,4844,1
1483,3623,2
1484,1549,1
1484,1833,1
1484,275,1
1484,2024,3
1485,1569,1
1485,4514,3
1485,4042,2
1485,888,1
1486,2432,2
1486,3796,1
1487,2579,3
1488,3628,2
1488,2336,1
1488,3978,2
1488,1114,1
1488,2868,2
1489,2763,3
1489,3674,2
1489,3470,1
1490,3273,1
1490,2451,1
1490,3283,2
1490,198,1
1491,2400,3
1492,4728,1
1492,327,1
1492,3561,2
1493,4518,3
1493,387,1
1493,4405,3
1493,3060,3
1493,4729,2
1494,1216,3
1494,3846,2
1495,3650,2
1495,4835,1
1495,1567,1
1496,2524,1
1496,4113,3
1496,3827,3
1496,4974,1
1496,2151,3
1497,1731,1
1497,4664,3
1497,1974,3
1498,3072,2
1498,2843,2
1499,4152,3
1499,2458,1
1499,1879,2
1499,3093,2
1499,2194,2
1500,1013,3
1500,2172,1
