PaymentID,PaymentMethod,Amount,PaymentTimestamp,OrderID,PaymentStatus
1,Cash,353.27,2024-12-27 03:42:05.442195,1,Completed
2,Cash,379.54,2024-12-28 17:59:05.442221,2,Failed
3,Cash,405.31,2024-12-24 20:54:05.442228,3,Refunded
4,Cash,416.39,2024-12-05 20:55:05.442236,4,Refunded
5,Cash,294.74,2024-11-18 08:36:05.442242,5,Processing
6,Cash,341.9,2024-12-08 06:08:05.442249,6,Completed
7,Online,260.48,2024-11-23 16:43:05.442258,7,Completed
8,Online,403.44,2024-12-31 20:33:05.442267,8,Refunded
9,Online,361.64,2024-12-20 23:24:05.442273,9,Processing
10,Cash,163.24,2024-12-11 23:07:05.442279,10,Refunded
11,Cash,393.41,2024-11-13 17:32:05.442285,11,Refunded
12,Online,364.19,2024-12-15 07:17:05.442290,12,Refunded
13,Online,491.59,2024-11-13 16:31:05.442297,13,Refunded
14,Online,123.28,2024-11-04 10:35:05.442305,14,Pending
15,Cash,135.29,2024-12-14 16:07:05.442315,15,Processing
16,Online,438.18,2024-11-13 14:55:05.442326,16,Pending
17,Online,364.3,2024-11-15 09:30:05.442333,17,Refunded
18,Online,101.13,2024-12-06 15:26:05.442338,18,Completed
19,Online,443.28,2024-11-10 09:47:05.442344,19,Failed
20,Cash,445.34,2024-11-06 02:54:05.442350,20,Processing
21,Online,254.59,2024-12-09 23:45:05.442355,21,Refunded
22,Online,178.01,2024-12-08 17:08:05.442361,22,Pending
23,Cash,109.97,2024-11-24 07:03:05.442367,23,Pending
24,Online,175.28,2024-11-17 22:45:05.442372,24,Pending
25,Cash,467.8,2024-11-30 02:56:05.442378,25,Refunded
26,Online,404.49,2024-12-07 05:27:05.442383,26,Refunded
27,Online,395.92,2024-12-18 04:28:05.442389,27,Failed
28,Cash,192.79,2024-11-04 06:50:05.442396,28,Completed
29,Online,213.8,2024-12-06 04:13:05.442401,29,Refunded
30,Cash,210.16,2024-12-08 16:09:05.442406,30,Pending
31,Cash,244.87,2024-12-16 13:05:05.442422,31,Completed
32,Cash,230.27,2024-12-22 17:47:05.442428,32,Completed
33,Cash,258.5,2024-11-02 00:15:05.442433,33,Failed
34,Online,197.71,2024-12-18 14:16:05.442439,34,Refunded
35,Cash,222.63,2024-12-24 19:24:05.442445,35,Failed
36,Cash,150.18,2024-12-26 03:13:05.442450,36,Refunded
37,Cash,319.01,2024-11-19 23:46:05.442456,37,Failed
38,Online,208.02,2024-12-06 10:27:05.442461,38,Failed
39,Cash,141.0,2024-11-22 05:47:05.442467,39,Pending
40,Online,267.14,2024-12-23 07:06:05.442473,40,Refunded
41,Cash,206.71,2024-12-05 18:50:05.442478,41,Failed
42,Online,217.35,2024-12-07 21:10:05.442484,42,Processing
43,Cash,207.34,2024-11-25 05:55:05.442490,43,Failed
44,Cash,457.65,2024-12-17 23:28:05.442496,44,Pending
45,Cash,236.84,2024-11-20 23:02:05.442501,45,Completed
46,Cash,433.85,2024-12-01 08:07:05.442508,46,Failed
47,Online,305.36,2024-11-26 06:04:05.442513,47,Refunded
48,Cash,373.33,2024-12-15 00:42:05.442519,48,Processing
49,Online,465.14,2024-11-13 02:10:05.442524,49,Pending
50,Cash,401.02,2024-11-16 09:13:05.442530,50,Refunded
51,Online,489.12,2024-12-17 11:52:05.442539,51,Pending
52,Online,235.3,2024-12-06 11:24:05.442549,52,Pending
53,Online,392.47,2024-11-22 16:03:05.442559,53,Processing
54,Online,452.66,2024-12-21 13:33:05.442565,54,Completed
55,Cash,235.78,2024-11-19 10:48:05.442572,55,Refunded
56,Cash,394.33,2024-11-09 21:59:05.442577,56,Refunded
57,Cash,162.42,2024-11-22 14:35:05.442583,57,Processing
58,Cash,203.26,2024-12-07 22:17:05.442588,58,Failed
59,Online,121.32,2024-12-02 15:08:05.442594,59,Refunded
60,Cash,388.13,2024-12-12 22:02:05.442600,60,Failed
61,Cash,180.07,2024-12-27 06:42:05.442606,61,Pending
62,Cash,157.64,2024-11-27 14:03:05.442620,62,Refunded
63,Cash,439.5,2024-12-21 20:59:05.442629,63,Failed
64,Cash,176.31,2024-12-15 03:21:05.442641,64,Failed
65,Online,303.29,2025-01-01 08:36:05.442646,65,Failed
66,Cash,134.84,2024-11-29 21:08:05.442652,66,Refunded
67,Cash,484.01,2024-11-11 02:50:05.442658,67,Pending
68,Cash,123.61,2024-12-02 07:12:05.442663,68,Processing
69,Cash,427.08,2024-12-03 22:44:05.442668,69,Completed
70,Online,322.61,2024-11-19 06:43:05.442674,70,Pending
71,Online,367.73,2024-11-02 17:54:05.442679,71,Completed
72,Cash,209.12,2024-12-23 01:47:05.442685,72,Pending
73,Cash,461.93,2024-11-21 16:25:05.442690,73,Processing
74,Cash,154.11,2024-11-05 08:02:05.442695,74,Refunded
75,Online,361.53,2024-11-23 21:05:05.442701,75,Failed
76,Online,218.22,2024-12-23 14:03:05.442711,76,Processing
77,Cash,292.98,2024-11-01 20:19:05.442722,77,Processing
78,Online,167.37,2024-12-08 01:00:05.442733,78,Refunded
79,Cash,326.84,2024-11-17 13:42:05.442743,79,Pending
80,Online,460.53,2024-11-03 02:07:05.442750,80,Refunded
81,Cash,158.58,2024-12-06 15:04:05.442756,81,Refunded
82,Cash,459.98,2024-11-23 04:14:05.442766,82,Completed
83,Online,266.25,2024-11-21 17:18:05.442776,83,Processing
84,Online,273.71,2024-12-13 07:07:05.442785,84,Pending
85,Online,282.82,2024-12-20 05:43:05.442795,85,Completed
86,Online,205.96,2024-12-11 14:05:05.442807,86,Failed
87,Cash,198.03,2024-12-31 22:06:05.442814,87,Completed
88,Online,325.24,2024-12-03 11:27:05.442821,88,Completed
89,Online,331.28,2024-12-29 06:23:05.442826,89,Processing
90,Cash,248.05,2024-11-08 07:36:05.442832,90,Completed
91,Cash,170.3,2024-12-25 06:37:05.442839,91,Failed
92,Online,210.91,2024-11-09 22:55:05.442845,92,Pending
93,Online,367.09,2024-11-06 18:04:05.442850,93,Processing
94,Online,498.35,2024-12-08 04:02:05.442856,94,Refunded
95,Online,378.0,2024-11-08 02:20:05.442861,95,Failed
96,Online,181.86,2024-12-29 14:21:05.442868,96,Pending
97,Online,222.46,2024-11-27 08:46:05.442873,97,Pending
98,Cash,252.34,2024-12-01 06:28:05.442879,98,Processing
99,Cash,211.81,2024-12-24 17:34:05.442885,99,Processing
100,Cash,228.19,2024-12-05 01:59:05.442891,100,Refunded
101,Online,386.67,2024-12-12 09:01:05.442897,101,Refunded
102,Online,275.39,2024-12-25 13:51:05.442902,102,Pending
103,Online,182.83,2024-12-24 16:44:05.442908,103,Pending
104,Cash,414.15,2024-12-12 15:16:05.442913,104,Completed
105,Cash,377.91,2024-11-10 13:14:05.442919,105,Completed
106,Online,134.03,2024-12-11 02:00:05.442925,106,Failed
107,Online,253.51,2024-12-24 17:00:05.442930,107,Refunded
108,Online,233.22,2024-11-19 03:24:05.442936,108,Completed
109,Cash,271.69,2024-11-26 16:21:05.442942,109,Processing
110,Online,123.75,2024-11-07 07:29:05.442955,110,Refunded
111,Online,313.84,2024-11-08 05:02:05.442965,111,Processing
112,Online,207.24,2024-12-25 14:53:05.442972,112,Refunded
113,Online,474.2,2024-11-09 15:37:05.442977,113,Failed
114,Online,233.58,2024-12-09 17:31:05.442983,114,Refunded
115,Online,450.07,2024-12-30 08:02:05.442988,115,Refunded
116,Online,362.64,2024-12-13 23:37:05.442994,116,Refunded
117,Online,399.99,2024-11-03 12:42:05.442999,117,Pending
118,Cash,262.31,2024-12-27 00:11:05.443005,118,Processing
119,Online,223.23,2024-12-27 23:30:05.443010,119,Pending
120,Cash,373.53,2024-11-24 05:30:05.443016,120,Pending
121,Cash,437.28,2024-12-13 18:02:05.443022,121,Processing
122,Cash,325.55,2024-12-03 00:34:05.443029,122,Completed
123,Cash,460.46,2024-12-01 12:37:05.443041,123,Failed
124,Online,137.8,2024-11-14 22:31:05.443048,124,Failed
125,Cash,167.25,2024-12-03 14:06:05.443054,125,Processing
126,Online,178.13,2024-11-13 17:52:05.443059,126,Pending
127,Cash,317.72,2024-11-13 19:30:05.443065,127,Processing
128,Cash,407.11,2024-11-19 17:12:05.443071,128,Pending
129,Cash,149.98,2024-11-25 14:51:05.443077,129,Processing
130,Online,351.5,2024-12-11 06:04:05.443083,130,Failed
131,Cash,482.37,2024-11-15 19:04:05.443089,131,Failed
132,Cash,490.01,2024-12-27 14:58:05.443099,132,Completed
133,Cash,447.84,2024-11-18 06:30:05.443108,133,Completed
134,Cash,234.56,2024-11-22 12:23:05.443117,134,Refunded
135,Cash,318.54,2024-12-04 21:30:05.443127,135,Processing
136,Cash,246.23,2024-11-24 10:47:05.443135,136,Completed
137,Cash,174.74,2024-12-31 08:12:05.443141,137,Refunded
138,Cash,493.99,2024-11-16 07:21:05.443146,138,Completed
139,Online,136.24,2024-11-03 07:12:05.443152,139,Completed
140,Cash,162.85,2024-11-23 04:05:05.443157,140,Failed
141,Online,354.52,2024-11-13 11:07:05.443163,141,Refunded
142,Online,145.08,2024-11-27 21:49:05.443169,142,Processing
143,Online,110.45,2024-12-21 21:12:05.443175,143,Failed
144,Cash,465.37,2024-12-22 10:01:05.443181,144,Processing
145,Cash,171.93,2024-12-11 09:32:05.443186,145,Processing
146,Online,314.68,2024-12-19 17:19:05.443191,146,Completed
147,Cash,359.15,2024-11-06 17:25:05.443200,147,Processing
148,Online,278.37,2024-12-11 11:18:05.443211,148,Processing
149,Cash,158.43,2024-12-22 06:25:05.443219,149,Refunded
150,Cash,368.74,2024-12-25 04:26:05.443225,150,Pending
151,Online,410.22,2024-12-25 06:00:05.443230,151,Processing
152,Online,441.57,2024-12-25 19:13:05.443236,152,Refunded
153,Online,358.13,2024-11-03 05:11:05.443241,153,Processing
154,Cash,138.91,2024-11-28 14:32:05.443247,154,Completed
155,Online,155.86,2024-11-17 15:43:05.443253,155,Processing
156,Online,394.76,2024-11-18 15:43:05.443259,156,Completed
157,Cash,234.67,2024-11-10 09:29:05.443265,157,Completed
158,Online,358.91,2024-12-06 22:35:05.443270,158,Pending
159,Online,436.87,2024-12-07 00:24:05.443276,159,Pending
160,Online,138.39,2024-11-25 18:57:05.443288,160,Pending
161,Online,333.07,2024-11-02 08:05:05.443298,161,Pending
162,Cash,293.74,2024-11-12 19:42:05.443304,162,Completed
163,Cash,154.78,2024-11-06 19:54:05.443311,163,Failed
164,Online,348.79,2024-11-14 09:47:05.443316,164,Completed
165,Online,358.96,2024-11-10 17:25:05.443321,165,Processing
166,Cash,214.34,2024-11-01 18:17:05.443327,166,Failed
167,Cash,214.95,2024-11-07 21:21:05.443332,167,Completed
168,Cash,422.3,2024-11-21 06:16:05.443338,168,Processing
169,Cash,399.39,2024-12-17 01:17:05.443344,169,Failed
170,Online,483.87,2024-11-17 09:10:05.443349,170,Processing
171,Cash,494.06,2024-12-01 05:58:05.443355,171,Failed
172,Cash,285.04,2024-12-14 13:49:05.443361,172,Failed
173,Cash,345.77,2024-11-24 16:50:05.443372,173,Pending
174,Cash,433.26,2024-12-20 15:19:05.443382,174,Processing
175,Online,303.33,2024-11-12 18:13:05.443388,175,Failed
176,Online,355.41,2024-11-29 12:17:05.443394,176,Completed
177,Online,134.29,2024-12-13 12:04:05.443400,177,Refunded
178,Online,102.15,2024-12-15 00:36:05.443405,178,Processing
179,Cash,311.66,2024-12-14 00:18:05.443412,179,Refunded
180,Cash,119.92,2024-11-14 10:17:05.443418,180,Failed
181,Cash,476.4,2024-12-22 02:36:05.443424,181,Pending
182,Cash,453.61,2024-12-05 22:28:05.443429,182,Refunded
183,Online,450.22,2024-12-11 08:58:05.443435,183,Completed
184,Cash,436.15,2024-11-27 21:32:05.443441,184,Failed
185,Cash,168.56,2024-12-09 04:13:05.443451,185,Refunded
186,Cash,413.78,2024-11-07 17:21:05.443461,186,Refunded
187,Cash,433.2,2024-12-12 10:58:05.443467,187,Pending
188,Online,199.79,2024-12-29 09:20:05.443473,188,Completed
189,Online,168.73,2024-11-30 02:50:05.443478,189,Failed
190,Cash,288.3,2024-12-30 08:06:05.443484,190,Processing
191,Cash,321.85,2024-12-25 11:47:05.443489,191,Refunded
192,Online,473.91,2024-11-10 01:20:05.443496,192,Refunded
193,Online,282.28,2024-12-02 22:10:05.443502,193,Failed
194,Online,420.62,2024-12-17 15:49:05.443507,194,Processing
195,Cash,170.44,2024-11-22 19:57:05.443513,195,Processing
196,Online,161.16,2024-12-23 14:36:05.443518,196,Failed
197,Cash,240.49,2024-11-14 17:46:05.443525,197,Refunded
198,Cash,195.5,2024-12-24 07:55:05.443537,198,Failed
199,Online,288.01,2024-12-03 15:54:05.443544,199,Completed
200,Cash,162.95,2024-11-07 11:43:05.443549,200,Processing
201,Online,369.11,2024-12-14 06:18:05.443555,201,Completed
202,Cash,147.4,2024-12-25 13:35:05.443562,202,Completed
203,Online,345.19,2024-11-21 14:17:05.443568,203,Completed
204,Cash,348.85,2024-12-12 12:15:05.443574,204,Refunded
205,Cash,215.07,2024-11-02 14:17:05.443581,205,Pending
206,Online,443.72,2024-11-11 22:17:05.443586,206,Processing
207,Online,442.66,2024-12-17 05:36:05.443592,207,Failed
208,Cash,497.27,2024-11-30 03:24:05.443598,208,Refunded
209,Cash,117.58,2024-12-08 23:37:05.443603,209,Completed
210,Cash,224.58,2024-11-30 10:25:05.443608,210,Failed
211,Online,479.47,2024-12-01 06:59:05.443614,211,Processing
212,Cash,466.27,2024-12-22 19:18:05.443620,212,Refunded
213,Online,253.59,2024-12-06 17:22:05.443625,213,Refunded
214,Cash,441.81,2024-11-20 08:45:05.443632,214,Refunded
215,Online,398.96,2024-12-09 13:11:05.443637,215,Processing
216,Cash,456.18,2024-12-22 08:00:05.443643,216,Failed
217,Cash,130.78,2024-11-19 14:02:05.443649,217,Processing
218,Online,104.67,2024-11-11 08:55:05.443654,218,Failed
219,Online,202.38,2024-11-17 08:02:05.443660,219,Processing
220,Online,294.75,2024-11-08 22:01:05.443665,220,Refunded
221,Online,123.83,2024-12-08 12:33:05.443671,221,Completed
222,Cash,229.94,2024-12-01 05:33:05.443676,222,Refunded
223,Cash,401.38,2024-12-30 00:08:05.443683,223,Refunded
224,Online,195.89,2024-11-15 17:35:05.443689,224,Refunded
225,Online,405.65,2024-11-29 17:02:05.443695,225,Completed
226,Cash,479.07,2024-12-29 16:13:05.443702,226,Refunded
227,Online,137.48,2024-12-31 20:16:05.443708,227,Completed
228,Online,333.08,2024-12-23 20:08:05.443714,228,Pending
229,Cash,358.38,2024-12-18 20:05:05.443720,229,Refunded
230,Cash,442.54,2024-11-30 20:52:05.443726,230,Refunded
231,Online,265.06,2024-12-24 06:22:05.443731,231,Refunded
232,Cash,164.45,2024-11-30 09:14:05.443737,232,Refunded
233,Online,243.53,2024-11-25 13:51:05.443743,233,Completed
234,Cash,169.9,2024-12-18 07:27:05.443749,234,Pending
235,Online,245.99,2024-11-30 15:11:05.443755,235,Processing
236,Cash,452.68,2024-12-05 14:05:05.443760,236,Refunded
237,Online,127.26,2024-11-08 15:15:05.443765,237,Pending
238,Cash,467.98,2024-12-12 21:32:05.443771,238,Pending
239,Cash,166.17,2025-01-01 02:44:05.443777,239,Completed
240,Online,315.24,2024-12-05 04:57:05.443783,240,Failed
241,Cash,157.58,2024-11-18 22:48:05.443789,241,Pending
242,Cash,216.17,2024-12-23 15:02:05.443794,242,Completed
243,Online,331.58,2024-11-12 16:09:05.443800,243,Failed
244,Cash,122.74,2024-11-10 23:31:05.443811,244,Refunded
245,Online,106.04,2024-12-16 23:19:05.443821,245,Refunded
246,Cash,245.36,2024-12-20 15:37:05.443827,246,Pending
247,Cash,435.17,2024-11-19 23:21:05.443832,247,Completed
248,Cash,149.05,2024-11-26 08:01:05.443838,248,Processing
249,Online,239.77,2024-11-24 21:27:05.443845,249,Refunded
250,Online,201.51,2024-12-01 07:11:05.443856,250,Pending
251,Online,192.35,2024-11-08 15:03:05.443865,251,Completed
252,Online,179.08,2024-12-18 09:44:05.443870,252,Refunded
253,Cash,298.94,2024-12-06 18:16:05.443876,253,Pending
254,Online,395.32,2024-11-28 06:26:05.443882,254,Refunded
255,Cash,121.21,2024-12-11 18:48:05.443887,255,Refunded
256,Online,459.82,2024-11-24 20:55:05.443894,256,Failed
257,Cash,407.89,2024-12-04 20:51:05.443900,257,Completed
258,Cash,389.52,2024-12-01 22:07:05.443906,258,Failed
259,Online,456.14,2024-12-22 08:08:05.443911,259,Pending
260,Online,246.16,2024-11-18 04:01:05.443917,260,Processing
261,Cash,207.58,2024-11-19 07:22:05.443923,261,Failed
262,Cash,283.21,2024-12-15 21:47:05.443929,262,Failed
263,Online,341.31,2024-11-29 01:02:05.443935,263,Pending
264,Cash,192.61,2024-11-10 20:28:05.443941,264,Processing
265,Cash,473.65,2024-12-19 15:50:05.443947,265,Failed
266,Online,357.21,2024-11-17 01:45:05.443952,266,Failed
267,Cash,162.33,2024-12-04 17:04:05.443957,267,Completed
268,Online,398.04,2024-12-10 00:42:05.443963,268,Failed
269,Cash,116.34,2024-11-06 11:11:05.443969,269,Processing
270,Cash,381.5,2024-11-20 04:17:05.443975,270,Completed
271,Online,106.03,2024-12-03 23:36:05.443981,271,Failed
272,Cash,462.52,2024-12-20 09:19:05.443986,272,Completed
273,Online,239.84,2024-11-04 16:59:05.443992,273,Completed
274,Cash,273.99,2024-11-16 20:58:05.443997,274,Processing
275,Cash,305.08,2024-12-12 05:57:05.444003,275,Processing
276,Online,242.95,2024-11-04 10:24:05.444009,276,Processing
277,Online,402.41,2024-11-20 12:37:05.444014,277,Pending
278,Cash,443.25,2024-12-26 14:51:05.444020,278,Refunded
279,Cash,199.93,2024-11-15 22:09:05.444026,279,Pending
280,Cash,472.12,2024-12-22 04:17:05.444032,280,Completed
281,Cash,266.48,2024-11-13 06:29:05.444037,281,Completed
282,Cash,385.08,2024-12-25 14:09:05.444043,282,Refunded
283,Cash,362.25,2024-11-28 18:43:05.444049,283,Pending
284,Cash,418.09,2024-12-18 12:03:05.444054,284,Failed
285,Cash,410.52,2024-11-25 02:55:05.444060,285,Processing
286,Online,355.3,2025-01-01 11:09:05.444066,286,Refunded
287,Online,432.95,2024-12-23 23:11:05.444072,287,Pending
288,Cash,491.53,2024-11-22 15:11:05.444079,288,Refunded
289,Online,178.87,2024-12-13 21:29:05.444084,289,Refunded
290,Cash,425.98,2024-12-02 00:09:05.444090,290,Pending
291,Online,418.82,2024-12-15 21:57:05.444095,291,Failed
292,Cash,471.35,2024-12-20 03:53:05.444101,292,Refunded
293,Online,241.62,2024-12-11 21:14:05.444107,293,Refunded
294,Online,387.73,2024-11-10 20:42:05.444112,294,Completed
295,Online,422.46,2024-12-06 08:19:05.444118,295,Refunded
296,Cash,465.58,2024-11-12 05:13:05.444123,296,Failed
297,Online,339.34,2024-11-24 13:50:05.444129,297,Completed
298,Cash,192.09,2024-11-20 04:15:05.444134,298,Failed
299,Cash,219.89,2024-11-17 00:11:05.444140,299,Pending
300,Online,156.14,2024-11-04 13:22:05.444146,300,Processing
301,Cash,423.15,2024-11-26 02:02:05.444152,301,Refunded
302,Cash,190.8,2024-12-14 19:34:05.444158,302,Processing
303,Cash,426.82,2024-12-22 13:42:05.444163,303,Completed
304,Online,376.51,2024-12-09 18:36:05.444169,304,Processing
305,Online,430.11,2024-12-11 04:50:05.444178,305,Refunded
306,Online,136.6,2024-11-11 04:46:05.444188,306,Completed
307,Cash,251.86,2024-12-02 06:02:05.444198,307,Completed
308,Cash,182.35,2024-11-25 20:43:05.444208,308,Processing
309,Online,376.07,2024-11-16 02:16:05.444214,309,Refunded
310,Online,461.94,2024-11-27 09:00:05.444221,310,Refunded
311,Online,414.19,2024-11-27 12:57:05.444227,311,Refunded
312,Cash,211.36,2024-12-26 17:07:05.444233,312,Completed
313,Cash,101.38,2024-11-20 00:18:05.444239,313,Processing
314,Cash,217.78,2024-11-15 06:34:05.444244,314,Pending
315,Online,448.28,2024-12-11 14:22:05.444250,315,Failed
316,Online,251.4,2024-12-27 20:09:05.444256,316,Processing
317,Cash,372.9,2024-12-20 06:44:05.444262,317,Refunded
318,Cash,159.38,2024-11-23 18:29:05.444267,318,Processing
319,Cash,452.35,2024-12-19 19:25:05.444273,319,Refunded
320,Online,152.06,2024-12-30 04:52:05.444279,320,Failed
321,Online,464.02,2024-11-07 13:35:05.444285,321,Processing
322,Cash,267.39,2024-12-25 21:03:05.444290,322,Failed
323,Online,135.83,2024-11-16 22:51:05.444297,323,Failed
324,Online,464.83,2024-12-10 14:29:05.444302,324,Refunded
325,Online,395.08,2024-11-05 18:17:05.444308,325,Completed
326,Cash,272.05,2024-11-30 02:55:05.444314,326,Pending
327,Online,150.24,2024-11-09 13:42:05.444320,327,Completed
328,Cash,340.73,2024-11-07 07:22:05.444325,328,Failed
329,Cash,446.98,2024-11-29 09:28:05.444331,329,Failed
330,Cash,483.35,2024-12-17 19:26:05.444337,330,Pending
331,Cash,307.92,2024-11-13 18:17:05.444343,331,Failed
332,Cash,490.31,2024-11-05 17:35:05.444349,332,Failed
333,Cash,228.92,2024-11-09 03:57:05.444354,333,Completed
334,Cash,382.49,2024-11-20 14:34:05.444360,334,Pending
335,Cash,203.31,2024-11-11 06:44:05.444365,335,Pending
336,Online,115.96,2024-12-16 01:30:05.444371,336,Failed
337,Cash,209.49,2024-12-03 06:58:05.444378,337,Refunded
338,Online,394.04,2024-12-29 19:42:05.444387,338,Completed
339,Cash,467.95,2024-11-02 16:48:05.444396,339,Failed
340,Cash,240.75,2024-12-29 08:18:05.444408,340,Refunded
341,Cash,377.23,2024-11-09 09:29:05.444415,341,Failed
342,Online,370.07,2024-11-08 03:09:05.444420,342,Refunded
343,Cash,491.92,2024-11-27 10:11:05.444425,343,Processing
344,Online,137.75,2024-12-05 14:15:05.444431,344,Completed
345,Online,164.98,2024-11-02 19:45:05.444437,345,Failed
346,Online,437.31,2024-11-19 00:56:05.444442,346,Processing
347,Online,387.01,2024-11-24 23:57:05.444448,347,Processing
348,Cash,137.09,2024-11-12 10:59:05.444454,348,Processing
349,Online,252.32,2024-12-14 11:33:05.444460,349,Processing
350,Cash,366.53,2024-12-18 08:33:05.444466,350,Pending
351,Cash,254.18,2024-12-09 20:50:05.444471,351,Refunded
352,Online,339.19,2024-12-27 00:15:05.444478,352,Refunded
353,Cash,437.82,2024-11-18 04:02:05.444484,353,Pending
354,Cash,110.69,2024-12-25 09:03:05.444491,354,Failed
355,Cash,296.67,2025-01-01 02:07:05.444496,355,Pending
356,Online,142.99,2024-11-17 09:57:05.444502,356,Refunded
357,Online,264.75,2024-12-09 13:47:05.444507,357,Pending
358,Cash,118.33,2024-12-11 13:43:05.444513,358,Pending
359,Online,284.55,2024-12-05 14:14:05.444518,359,Completed
360,Cash,448.07,2024-12-10 20:36:05.444524,360,Processing
361,Cash,431.29,2024-12-03 18:12:05.444530,361,Failed
362,Cash,146.87,2024-12-18 22:53:05.444535,362,Refunded
363,Online,208.85,2024-12-20 05:31:05.444541,363,Completed
364,Cash,116.24,2024-11-09 02:37:05.444547,364,Completed
365,Cash,489.62,2024-12-08 00:55:05.444552,365,Pending
366,Online,309.09,2024-12-13 08:22:05.444558,366,Failed
367,Cash,451.83,2024-12-17 21:57:05.444563,367,Pending
368,Cash,292.5,2024-12-09 23:36:05.444569,368,Refunded
369,Online,316.37,2024-11-30 09:42:05.444575,369,Failed
370,Cash,491.66,2024-12-02 22:48:05.444581,370,Refunded
371,Online,324.61,2024-11-23 16:33:05.444586,371,Completed
372,Cash,435.27,2024-11-12 15:23:05.444592,372,Refunded
373,Online,138.63,2024-12-14 15:53:05.444597,373,Failed
374,Online,267.93,2024-12-27 12:17:05.444603,374,Processing
375,Cash,367.99,2024-12-17 22:14:05.444608,375,Processing
376,Online,315.98,2024-12-09 03:31:05.444614,376,Failed
377,Online,442.46,2024-12-27 16:51:05.444620,377,Failed
378,Cash,165.84,2024-12-23 12:51:05.444626,378,Pending
379,Online,212.99,2024-11-24 09:27:05.444631,379,Refunded
380,Cash,129.12,2024-11-12 13:01:05.444637,380,Refunded
381,Cash,143.61,2024-11-11 15:34:05.444643,381,Refunded
382,Online,246.34,2024-12-28 19:04:05.444649,382,Completed
383,Online,276.85,2024-11-27 16:42:05.444655,383,Failed
384,Cash,492.45,2024-11-09 12:25:05.444662,384,Failed
385,Cash,454.69,2024-11-06 00:45:05.444667,385,Pending
386,Cash,336.67,2024-12-07 12:20:05.444673,386,Processing
387,Cash,477.5,2024-11-07 02:53:05.444679,387,Refunded
388,Online,256.21,2024-11-10 15:29:05.444684,388,Completed
389,Cash,301.92,2024-11-10 01:42:05.444690,389,Processing
390,Online,461.09,2024-11-15 10:13:05.444695,390,Completed
391,Cash,122.12,2024-11-23 06:50:05.444701,391,Processing
392,Online,344.86,2024-11-16 01:19:05.444707,392,Processing
393,Cash,426.99,2024-11-05 00:51:05.444712,393,Refunded
394,Cash,269.05,2024-12-22 12:53:05.444718,394,Pending
395,Online,422.25,2024-11-21 12:21:05.444724,395,Pending
396,Cash,269.09,2024-11-10 05:37:05.444730,396,Completed
397,Online,149.98,2024-11-02 14:02:05.444736,397,Processing
398,Cash,126.69,2024-12-19 16:35:05.444742,398,Completed
399,Cash,162.14,2024-11-11 16:33:05.444747,399,Failed
400,Cash,392.05,2024-11-11 03:05:05.444753,400,Refunded
401,Cash,383.82,2024-12-03 01:25:05.444759,401,Refunded
402,Online,134.52,2024-11-05 06:35:05.444766,402,Failed
403,Cash,343.13,2024-12-20 11:32:05.444772,403,Completed
404,Online,235.92,2024-12-13 18:25:05.444777,404,Completed
405,Online,496.46,2024-11-07 11:00:05.444783,405,Pending
406,Cash,211.74,2024-12-21 20:44:05.444789,406,Refunded
407,Cash,211.03,2024-12-29 09:19:05.444795,407,Processing
408,Cash,286.2,2024-12-08 12:34:05.444800,408,Processing
409,Online,316.3,2024-11-08 21:31:05.444806,409,Refunded
410,Cash,431.86,2024-12-21 06:56:05.444812,410,Refunded
411,Online,291.86,2024-12-08 23:49:05.444817,411,Completed
412,Online,176.14,2024-12-24 03:44:05.444823,412,Processing
413,Cash,385.47,2024-11-03 22:48:05.444829,413,Processing
414,Cash,351.62,2024-11-19 12:30:05.444834,414,Pending
415,Online,487.16,2024-11-09 02:08:05.444839,415,Processing
416,Online,348.66,2024-12-27 09:09:05.444845,416,Completed
417,Cash,340.79,2024-12-25 14:25:05.444851,417,Refunded
418,Cash,345.04,2024-12-21 11:22:05.444856,418,Pending
419,Online,246.84,2024-12-06 12:58:05.444862,419,Pending
420,Online,417.55,2024-12-12 07:00:05.444868,420,Processing
421,Online,485.11,2024-11-19 00:08:05.444874,421,Completed
422,Online,398.45,2024-11-27 14:20:05.444884,422,Pending
423,Online,179.55,2024-12-12 08:37:05.444895,423,Pending
424,Online,333.06,2024-12-05 10:16:05.444903,424,Pending
425,Online,123.41,2024-11-26 02:53:05.444909,425,Refunded
426,Cash,404.06,2024-12-08 12:57:05.444914,426,Completed
427,Cash,123.73,2024-11-22 05:52:05.444923,427,Processing
428,Online,293.84,2024-12-02 04:22:05.444934,428,Completed
429,Cash,495.95,2024-11-05 07:45:05.444941,429,Processing
430,Online,365.52,2024-12-09 16:49:05.444947,430,Processing
431,Online,166.11,2024-12-07 12:22:05.444953,431,Refunded
432,Cash,438.63,2024-12-28 22:13:05.444959,432,Pending
433,Online,189.38,2024-12-21 11:23:05.444965,433,Refunded
434,Online,126.93,2024-12-21 18:44:05.444970,434,Pending
435,Online,103.25,2024-12-06 14:11:05.444976,435,Pending
436,Cash,341.88,2024-11-21 19:04:05.444982,436,Processing
437,Online,473.29,2024-12-01 07:35:05.444987,437,Processing
438,Online,310.24,2024-12-11 22:58:05.444992,438,Completed
439,Online,356.43,2024-12-23 03:12:05.444999,439,Refunded
440,Online,405.36,2024-12-04 01:31:05.445005,440,Refunded
441,Online,398.64,2024-12-16 05:03:05.445010,441,Completed
442,Online,264.98,2024-11-02 06:25:05.445016,442,Pending
443,Cash,361.63,2024-11-20 13:33:05.445022,443,Pending
444,Online,412.62,2024-11-10 11:19:05.445027,444,Failed
445,Cash,449.83,2024-12-31 04:30:05.445033,445,Pending
446,Online,348.82,2024-12-17 18:59:05.445038,446,Processing
447,Cash,270.19,2024-11-21 19:45:05.445044,447,Completed
448,Online,311.0,2024-12-19 17:14:05.445050,448,Failed
449,Online,195.04,2024-12-24 23:18:05.445056,449,Completed
450,Online,123.67,2024-12-29 11:02:05.445062,450,Pending
451,Online,448.02,2024-11-23 19:36:05.445068,451,Refunded
452,Cash,430.66,2024-11-07 09:59:05.445073,452,Failed
453,Online,237.29,2024-12-05 14:23:05.445078,453,Pending
454,Online,391.34,2024-11-30 07:53:05.445084,454,Completed
455,Cash,250.44,2024-11-16 08:33:05.445090,455,Processing
456,Online,260.32,2024-11-23 06:53:05.445095,456,Pending
457,Online,278.4,2024-12-07 23:49:05.445101,457,Completed
458,Cash,240.98,2024-11-04 15:49:05.445107,458,Refunded
459,Cash,321.53,2024-12-03 23:28:05.445113,459,Processing
460,Cash,242.88,2024-11-28 19:57:05.445118,460,Refunded
461,Cash,230.4,2024-12-09 16:27:05.445124,461,Refunded
462,Online,319.48,2024-12-30 17:32:05.445130,462,Processing
463,Online,459.33,2024-11-08 16:20:05.445135,463,Pending
464,Online,127.57,2024-11-12 13:13:05.445141,464,Refunded
465,Cash,170.93,2024-11-27 14:07:05.445148,465,Refunded
466,Cash,474.53,2024-12-21 16:17:05.445164,466,Failed
467,Online,446.35,2024-11-11 19:54:05.445170,467,Processing
468,Online,126.05,2024-12-16 11:35:05.445175,468,Pending
469,Online,378.78,2024-11-13 13:16:05.445181,469,Completed
470,Online,454.31,2024-11-20 11:16:05.445187,470,Processing
471,Cash,359.0,2024-12-09 16:19:05.445193,471,Failed
472,Cash,485.69,2024-11-19 17:13:05.445199,472,Pending
473,Cash,140.53,2024-12-21 20:24:05.445205,473,Completed
474,Online,492.62,2024-11-14 12:04:05.445211,474,Completed
475,Online,225.67,2024-12-15 04:49:05.445217,475,Failed
476,Cash,295.16,2024-11-30 00:44:05.445223,476,Processing
477,Online,414.79,2024-12-16 11:53:05.445229,477,Refunded
478,Online,163.16,2024-12-19 06:49:05.445235,478,Refunded
479,Cash,424.82,2024-11-04 17:58:05.445241,479,Failed
480,Cash,111.38,2024-12-04 03:37:05.445247,480,Completed
481,Cash,139.44,2024-11-30 00:07:05.445257,481,Refunded
482,Cash,387.27,2024-11-24 21:16:05.445268,482,Refunded
483,Online,386.54,2024-11-15 16:06:05.445279,483,Pending
484,Online,433.3,2024-11-06 03:02:05.445285,484,Pending
485,Online,369.27,2024-11-28 13:01:05.445293,485,Pending
486,Online,147.87,2024-11-11 04:14:05.445298,486,Pending
487,Online,205.32,2024-11-14 06:59:05.445305,487,Pending
488,Cash,348.56,2024-11-28 13:54:05.445311,488,Completed
489,Online,260.72,2024-11-03 20:56:05.445316,489,Processing
490,Cash,237.79,2024-12-01 12:12:05.445322,490,Failed
491,Cash,172.48,2024-11-26 15:01:05.445328,491,Completed
492,Online,471.59,2024-12-20 17:45:05.445334,492,Refunded
493,Online,293.49,2024-12-24 15:02:05.445340,493,Pending
494,Online,120.76,2024-12-05 15:11:05.445347,494,Failed
495,Online,150.62,2024-11-11 17:10:05.445353,495,Pending
496,Online,132.33,2024-11-23 18:18:05.445358,496,Processing
497,Cash,349.52,2024-11-08 12:34:05.445364,497,Processing
498,Online,368.58,2024-12-20 14:08:05.445370,498,Refunded
499,Cash,279.07,2024-11-21 15:05:05.445376,499,Processing
500,Cash,284.68,2024-12-05 14:28:05.445381,500,Processing
501,Online,436.6,2024-12-07 20:44:05.445386,501,Processing
502,Online,139.48,2024-11-24 18:50:05.445392,502,Failed
503,Cash,340.72,2024-11-11 18:03:05.445397,503,Failed
504,Cash,384.36,2024-12-02 18:50:05.445404,504,Failed
505,Cash,261.44,2025-01-01 13:15:05.445409,505,Processing
506,Cash,206.12,2024-12-07 03:16:05.445415,506,Refunded
507,Online,215.36,2024-11-02 18:54:05.445421,507,Completed
508,Online,179.45,2024-11-28 10:08:05.445427,508,Processing
509,Cash,476.31,2024-12-28 07:37:05.445432,509,Failed
510,Online,100.95,2024-12-23 01:08:05.445438,510,Failed
511,Online,470.04,2024-11-18 01:55:05.445444,511,Processing
512,Online,229.07,2024-12-13 10:10:05.445452,512,Processing
513,Cash,383.66,2024-11-07 22:37:05.445462,513,Pending
514,Cash,101.84,2024-11-10 21:42:05.445472,514,Failed
515,Cash,103.76,2024-12-07 16:24:05.445482,515,Completed
516,Cash,298.86,2024-12-31 14:29:05.445488,516,Refunded
517,Cash,378.11,2024-11-09 05:33:05.445494,517,Processing
518,Cash,379.11,2024-12-17 02:22:05.445500,518,Processing
519,Cash,191.56,2024-12-25 06:26:05.445505,519,Failed
520,Online,385.5,2024-12-07 16:31:05.445511,520,Completed
521,Cash,213.94,2024-11-09 09:11:05.445516,521,Failed
522,Cash,458.61,2024-11-21 09:44:05.445522,522,Pending
523,Cash,136.5,2024-11-26 05:05:05.445529,523,Refunded
524,Online,370.69,2024-11-09 19:56:05.445534,524,Completed
525,Online,272.13,2024-11-05 10:14:05.445544,525,Failed
526,Online,479.95,2024-11-27 11:00:05.445573,526,Pending
527,Online,477.16,2024-11-13 14:21:05.445583,527,Processing
528,Cash,252.83,2024-12-11 04:33:05.445592,528,Refunded
529,Online,177.21,2024-11-30 19:22:05.445603,529,Failed
530,Cash,470.17,2024-12-16 05:34:05.445613,530,Refunded
531,Online,457.73,2024-11-21 20:20:05.445622,531,Processing
532,Online,124.37,2024-12-13 15:06:05.445632,532,Failed
533,Cash,261.04,2024-11-20 16:44:05.445641,533,Refunded
534,Cash,403.12,2024-12-07 16:06:05.445652,534,Completed
535,Cash,359.7,2024-12-21 10:57:05.445658,535,Failed
536,Online,434.74,2024-12-07 10:51:05.445665,536,Processing
537,Cash,275.88,2024-11-03 19:42:05.445670,537,Refunded
538,Online,430.58,2024-11-14 12:52:05.445676,538,Failed
539,Online,305.31,2024-11-27 18:42:05.445682,539,Completed
540,Online,274.87,2024-12-09 06:16:05.445688,540,Processing
541,Cash,270.17,2024-12-23 18:31:05.445694,541,Failed
542,Cash,318.72,2024-12-23 19:52:05.445699,542,Processing
543,Cash,169.3,2024-12-24 03:43:05.445705,543,Completed
544,Cash,135.58,2024-12-18 22:19:05.445712,544,Pending
545,Online,246.46,2024-12-19 17:19:05.445717,545,Failed
546,Online,424.75,2024-12-19 13:15:05.445723,546,Refunded
547,Online,421.32,2024-12-01 03:22:05.445729,547,Pending
548,Online,310.28,2024-12-10 07:36:05.445736,548,Pending
549,Online,396.31,2024-12-16 15:09:05.445741,549,Failed
550,Online,303.71,2024-12-13 21:30:05.445747,550,Pending
551,Online,353.13,2024-11-30 17:07:05.445753,551,Failed
552,Cash,405.02,2024-12-20 06:00:05.445759,552,Completed
553,Online,381.23,2024-12-05 05:20:05.445765,553,Refunded
554,Online,189.2,2024-11-15 04:49:05.445772,554,Pending
555,Online,425.68,2024-11-17 07:48:05.445777,555,Pending
556,Cash,249.81,2024-11-26 15:03:05.445782,556,Processing
557,Online,341.86,2024-11-14 16:59:05.445788,557,Pending
558,Online,473.12,2024-12-16 13:07:05.445793,558,Failed
559,Cash,395.57,2024-11-04 15:12:05.445798,559,Failed
560,Cash,215.46,2024-12-08 13:54:05.445803,560,Completed
561,Cash,316.49,2024-12-14 15:02:05.445809,561,Refunded
562,Online,181.69,2024-11-21 11:24:05.445815,562,Failed
563,Cash,468.81,2024-11-12 00:42:05.445820,563,Refunded
564,Online,339.83,2024-12-23 22:25:05.445825,564,Refunded
565,Online,254.46,2024-11-24 10:31:05.445831,565,Refunded
566,Cash,180.47,2024-11-26 21:34:05.445836,566,Refunded
567,Cash,224.8,2024-11-10 04:56:05.445843,567,Processing
568,Online,493.36,2024-11-14 03:10:05.445848,568,Processing
569,Cash,121.69,2024-12-30 00:21:05.445853,569,Refunded
570,Cash,143.77,2024-12-29 23:16:05.445859,570,Processing
571,Online,177.37,2024-11-28 08:46:05.445865,571,Refunded
572,Online,160.87,2024-12-15 21:12:05.445872,572,Refunded
573,Cash,371.1,2024-11-22 12:01:05.445877,573,Refunded
574,Online,240.56,2024-12-04 01:45:05.445883,574,Failed
575,Cash,295.19,2024-12-02 19:17:05.445889,575,Pending
576,Cash,105.21,2024-12-20 08:01:05.445895,576,Pending
577,Online,218.09,2024-11-24 13:45:05.445901,577,Processing
578,Cash,484.54,2024-11-30 11:53:05.445907,578,Pending
579,Cash,396.97,2024-11-03 11:03:05.445913,579,Refunded
580,Online,467.52,2024-12-01 08:00:05.445919,580,Failed
581,Online,330.05,2024-12-10 05:35:05.445924,581,Failed
582,Online,158.92,2024-12-30 15:49:05.445930,582,Failed
583,Cash,169.85,2024-11-10 14:21:05.445936,583,Refunded
584,Online,148.92,2024-11-06 21:33:05.445941,584,Processing
585,Online,161.21,2024-12-24 05:59:05.445947,585,Pending
586,Online,430.34,2024-12-13 04:34:05.445954,586,Pending
587,Cash,342.54,2024-12-15 08:22:05.445963,587,Failed
588,Online,294.89,2024-11-02 03:47:05.445973,588,Failed
589,Online,134.22,2024-12-26 14:09:05.445979,589,Pending
590,Online,112.92,2024-12-22 20:14:05.445985,590,Failed
591,Online,224.02,2024-11-30 11:21:05.445991,591,Refunded
592,Cash,114.68,2024-11-11 14:14:05.445999,592,Pending
593,Cash,264.8,2024-11-10 13:21:05.446009,593,Refunded
594,Cash,283.68,2024-12-01 20:10:05.446018,594,Completed
595,Online,364.28,2024-11-12 03:43:05.446024,595,Processing
596,Cash,267.85,2024-12-05 03:52:05.446030,596,Failed
597,Online,176.72,2024-11-29 07:13:05.446036,597,Pending
598,Online,108.52,2024-12-09 10:22:05.446041,598,Refunded
599,Online,232.18,2024-11-01 23:48:05.446048,599,Completed
600,Cash,184.82,2024-12-19 20:05:05.446053,600,Failed
601,Online,414.94,2024-12-17 21:21:05.446059,601,Failed
602,Cash,405.57,2024-12-19 13:33:05.446064,602,Refunded
603,Online,437.38,2024-11-06 23:48:05.446070,603,Completed
604,Online,255.0,2024-12-01 18:23:05.446075,604,Refunded
605,Cash,162.55,2024-12-29 23:50:05.446081,605,Failed
606,Cash,330.83,2024-12-21 16:12:05.446086,606,Refunded
607,Cash,402.88,2024-12-01 11:02:05.446092,607,Processing
608,Online,461.85,2024-11-10 00:12:05.446099,608,Processing
609,Cash,114.04,2024-11-17 02:15:05.446104,609,Pending
610,Cash,153.85,2024-12-26 06:54:05.446110,610,Pending
611,Online,204.77,2024-11-09 18:11:05.446116,611,Refunded
612,Cash,301.56,2024-12-12 13:51:05.446121,612,Pending
613,Cash,285.44,2024-12-29 08:57:05.446128,613,Completed
614,Cash,434.68,2024-11-12 10:26:05.446135,614,Completed
615,Cash,336.93,2024-12-28 00:28:05.446141,615,Completed
616,Online,199.06,2024-12-31 08:50:05.446147,616,Pending
617,Cash,440.29,2024-11-29 06:33:05.446152,617,Processing
618,Cash,224.58,2024-12-23 22:22:05.446158,618,Completed
619,Cash,290.86,2024-11-10 15:16:05.446163,619,Pending
620,Cash,210.39,2024-11-17 23:06:05.446169,620,Refunded
621,Cash,348.99,2024-12-05 09:02:05.446175,621,Completed
622,Online,278.12,2024-12-23 18:16:05.446180,622,Pending
623,Online,182.21,2024-12-30 08:27:05.446186,623,Processing
624,Online,363.99,2024-11-24 10:58:05.446192,624,Refunded
625,Online,412.73,2024-11-29 02:46:05.446198,625,Completed
626,Cash,490.96,2024-12-22 12:55:05.446204,626,Pending
627,Cash,499.46,2024-12-10 20:26:05.446209,627,Processing
628,Cash,201.2,2024-12-29 20:59:05.446214,628,Processing
629,Cash,264.74,2024-11-27 00:34:05.446220,629,Failed
630,Online,243.48,2024-11-27 03:10:05.446225,630,Pending
631,Online,278.74,2024-12-24 08:36:05.446231,631,Processing
632,Online,118.26,2024-12-19 02:58:05.446237,632,Failed
633,Cash,250.33,2024-12-22 00:32:05.446242,633,Pending
634,Online,241.47,2024-12-06 22:05:05.446248,634,Completed
635,Online,389.07,2024-11-14 19:33:05.446254,635,Refunded
636,Online,410.7,2024-11-03 21:52:05.446259,636,Processing
637,Cash,172.24,2024-12-18 15:07:05.446265,637,Pending
638,Online,498.16,2024-12-25 23:19:05.446271,638,Refunded
639,Cash,404.11,2024-12-09 10:43:05.446277,639,Completed
640,Online,231.83,2024-12-17 08:44:05.446283,640,Completed
641,Cash,361.63,2024-11-18 21:12:05.446288,641,Pending
642,Cash,466.91,2024-12-22 22:49:05.446294,642,Refunded
643,Online,400.81,2024-11-18 18:28:05.446300,643,Completed
644,Cash,138.7,2024-12-07 21:30:05.446306,644,Pending
645,Cash,431.14,2024-11-08 01:21:05.446311,645,Processing
646,Online,469.11,2024-11-03 19:42:05.446316,646,Refunded
647,Online,435.83,2024-12-23 16:36:05.446324,647,Refunded
648,Online,263.14,2024-12-14 23:35:05.446333,648,Completed
649,Cash,376.57,2024-12-13 11:59:05.446342,649,Processing
650,Online,421.9,2024-11-27 20:03:05.446352,650,Completed
651,Cash,303.24,2024-12-08 13:42:05.446359,651,Refunded
652,Cash,365.31,2024-11-13 05:46:05.446364,652,Pending
653,Cash,372.16,2024-11-22 17:37:05.446370,653,Refunded
654,Cash,355.18,2024-12-31 11:12:05.446376,654,Pending
655,Cash,497.4,2024-12-01 19:43:05.446381,655,Refunded
656,Cash,497.51,2024-12-31 02:57:05.446387,656,Pending
657,Cash,198.66,2024-12-11 03:51:05.446392,657,Failed
658,Cash,146.59,2024-11-09 14:20:05.446398,658,Pending
659,Cash,468.06,2024-11-05 18:05:05.446404,659,Failed
660,Cash,132.26,2024-11-30 02:56:05.446409,660,Completed
661,Cash,356.66,2024-12-07 13:46:05.446415,661,Refunded
662,Online,232.82,2024-12-25 20:46:05.446421,662,Pending
663,Online,236.16,2024-12-12 19:49:05.446426,663,Refunded
664,Online,245.62,2024-11-30 07:56:05.446432,664,Pending
665,Online,131.44,2024-12-23 01:35:05.446438,665,Processing
666,Cash,430.13,2024-12-04 16:31:05.446443,666,Processing
667,Cash,470.45,2024-11-06 15:27:05.446449,667,Refunded
668,Cash,180.54,2024-12-26 13:11:05.446455,668,Pending
669,Online,168.86,2024-11-10 22:42:05.446461,669,Pending
670,Online,222.11,2024-12-27 11:17:05.446466,670,Completed
671,Cash,456.02,2024-12-09 23:12:05.446472,671,Refunded
672,Online,293.97,2024-11-06 15:47:05.446479,672,Failed
673,Online,329.99,2024-12-05 03:33:05.446485,673,Failed
674,Cash,326.02,2024-12-11 06:03:05.446491,674,Pending
675,Online,405.94,2024-11-17 18:27:05.446497,675,Refunded
676,Online,163.0,2024-11-26 21:59:05.446503,676,Refunded
677,Online,321.44,2024-11-07 20:20:05.446510,677,Completed
678,Cash,356.38,2024-12-24 11:29:05.446515,678,Failed
679,Cash,367.54,2024-11-17 04:00:05.446520,679,Failed
680,Cash,367.91,2024-12-27 09:28:05.446526,680,Refunded
681,Online,247.69,2024-11-30 16:37:05.446536,681,Failed
682,Online,177.41,2024-12-18 16:07:05.446545,682,Failed
683,Online,292.61,2024-11-30 09:14:05.446556,683,Pending
684,Cash,219.29,2024-11-03 06:25:05.446563,684,Completed
685,Cash,302.82,2024-12-04 20:43:05.446569,685,Processing
686,Online,272.89,2024-11-10 08:47:05.446574,686,Processing
687,Cash,294.0,2024-12-23 18:36:05.446580,687,Completed
688,Cash,411.71,2024-12-03 13:44:05.446587,688,Processing
689,Cash,154.45,2024-12-23 13:02:05.446592,689,Refunded
690,Online,346.61,2024-12-06 09:05:05.446598,690,Failed
691,Online,228.91,2024-12-26 22:32:05.446603,691,Processing
692,Online,322.25,2024-11-18 14:25:05.446608,692,Refunded
693,Cash,301.97,2024-11-05 18:57:05.446614,693,Pending
694,Cash,303.78,2024-11-12 05:03:05.446623,694,Refunded
695,Online,362.61,2024-11-28 00:59:05.446633,695,Processing
696,Online,375.4,2024-12-04 19:21:05.446641,696,Refunded
697,Cash,227.62,2024-12-30 12:22:05.446647,697,Pending
698,Cash,442.99,2024-12-13 07:21:05.446653,698,Pending
699,Cash,383.56,2024-11-18 19:47:05.446659,699,Failed
700,Cash,430.99,2024-12-23 12:46:05.446665,700,Pending
701,Online,107.98,2024-11-05 23:37:05.446670,701,Processing
702,Cash,179.72,2024-12-09 04:22:05.446676,702,Failed
703,Cash,183.25,2024-12-14 06:08:05.446681,703,Refunded
704,Cash,195.51,2024-11-12 15:57:05.446688,704,Pending
705,Cash,264.35,2024-11-24 08:31:05.446696,705,Failed
706,Cash,407.68,2024-12-14 21:42:05.446706,706,Processing
707,Online,139.77,2024-11-05 23:26:05.446715,707,Processing
708,Cash,466.79,2025-01-01 00:54:05.446720,708,Failed
709,Online,289.43,2024-11-07 01:05:05.446726,709,Refunded
710,Online,200.91,2024-11-23 14:02:05.446732,710,Processing
711,Cash,199.84,2024-12-22 03:50:05.446738,711,Processing
712,Cash,447.37,2024-11-02 13:45:05.446743,712,Pending
713,Online,469.66,2024-11-20 06:33:05.446748,713,Refunded
714,Online,101.47,2024-11-17 17:52:05.446753,714,Processing
715,Online,124.03,2024-12-19 02:13:05.446759,715,Refunded
716,Cash,126.74,2024-12-21 02:57:05.446765,716,Processing
717,Online,334.49,2024-12-28 06:59:05.446770,717,Completed
718,Online,495.69,2024-12-15 09:59:05.446776,718,Refunded
719,Online,371.19,2024-11-20 14:30:05.446782,719,Processing
720,Cash,376.12,2024-11-07 18:35:05.446787,720,Completed
721,Online,401.22,2024-11-29 13:35:05.446792,721,Completed
722,Cash,162.2,2024-12-12 10:09:05.446798,722,Pending
723,Cash,433.18,2024-11-17 08:33:05.446803,723,Refunded
724,Online,137.99,2024-11-01 14:59:05.446809,724,Pending
725,Online,136.15,2024-11-30 10:57:05.446814,725,Refunded
726,Online,269.8,2024-12-04 22:22:05.446820,726,Failed
727,Online,244.15,2024-11-27 15:23:05.446826,727,Refunded
728,Online,130.67,2024-12-07 20:19:05.446832,728,Refunded
729,Online,100.82,2024-12-26 11:59:05.446838,729,Refunded
730,Online,468.96,2024-11-15 23:29:05.446844,730,Pending
731,Cash,376.56,2024-11-09 07:52:05.446850,731,Processing
732,Cash,335.93,2024-11-29 06:34:05.446855,732,Failed
733,Cash,379.12,2024-12-21 01:20:05.446861,733,Completed
734,Online,434.77,2024-11-29 22:17:05.446867,734,Completed
735,Cash,485.44,2024-11-17 20:58:05.446873,735,Refunded
736,Cash,120.66,2024-11-09 13:44:05.446881,736,Failed
737,Cash,261.23,2024-12-30 05:09:05.446887,737,Processing
738,Cash,114.18,2024-12-01 13:51:05.446892,738,Processing
739,Cash,417.01,2024-12-27 13:29:05.446898,739,Refunded
740,Online,469.98,2024-11-08 01:15:05.446904,740,Completed
741,Cash,316.8,2024-12-24 06:14:05.446910,741,Pending
742,Cash,405.55,2024-12-10 14:24:05.446916,742,Completed
743,Online,156.65,2024-11-19 21:14:05.446921,743,Refunded
744,Cash,207.05,2024-12-05 14:44:05.446927,744,Failed
745,Cash,420.87,2024-11-14 12:06:05.446932,745,Completed
746,Cash,311.75,2024-11-06 19:37:05.446938,746,Processing
747,Online,436.86,2024-11-08 04:26:05.446944,747,Failed
748,Online,370.79,2024-11-21 12:46:05.446950,748,Failed
749,Cash,287.71,2024-11-27 19:50:05.446956,749,Processing
750,Cash,349.05,2024-12-09 04:37:05.446961,750,Pending
751,Online,399.89,2024-12-26 08:18:05.446967,751,Processing
752,Cash,257.86,2024-11-09 03:57:05.446973,752,Refunded
753,Online,259.59,2024-12-27 13:34:05.446978,753,Processing
754,Cash,403.75,2024-12-12 22:47:05.446984,754,Completed
755,Cash,268.53,2024-12-25 14:06:05.446989,755,Refunded
756,Online,269.87,2024-12-17 00:15:05.446994,756,Pending
757,Online,385.92,2024-12-30 15:44:05.447002,757,Failed
758,Cash,344.96,2024-11-16 23:26:05.447012,758,Failed
759,Cash,316.82,2024-12-12 16:57:05.447022,759,Failed
760,Online,442.47,2024-12-17 08:46:05.447028,760,Refunded
761,Online,335.39,2024-12-11 08:10:05.447034,761,Refunded
762,Cash,478.46,2024-12-15 14:27:05.447046,762,Completed
763,Online,170.89,2024-11-06 14:22:05.447055,763,Pending
764,Online,280.91,2024-12-02 08:26:05.447061,764,Processing
765,Cash,265.21,2024-12-12 08:55:05.447067,765,Processing
766,Cash,109.5,2024-12-18 22:37:05.447074,766,Processing
767,Online,458.73,2024-12-28 10:11:05.447083,767,Pending
768,Cash,394.46,2024-11-26 12:06:05.447093,768,Pending
769,Online,287.18,2024-12-06 08:34:05.447099,769,Pending
770,Online,185.49,2024-12-10 23:50:05.447105,770,Refunded
771,Cash,176.16,2024-11-24 13:59:05.447110,771,Pending
772,Online,186.94,2024-11-09 08:09:05.447116,772,Processing
773,Cash,221.65,2024-11-13 11:00:05.447122,773,Pending
774,Cash,266.36,2024-12-22 10:47:05.447127,774,Processing
775,Online,362.74,2024-12-18 12:12:05.447133,775,Refunded
776,Online,499.72,2024-12-13 23:14:05.447138,776,Refunded
777,Online,194.08,2024-12-13 21:00:05.447218,777,Refunded
778,Online,351.21,2024-12-16 14:51:05.447225,778,Processing
779,Online,350.7,2024-11-13 03:55:05.447230,779,Pending
780,Online,292.77,2024-12-06 16:28:05.447236,780,Failed
781,Online,315.81,2024-12-28 03:10:05.447242,781,Pending
782,Cash,233.49,2024-12-21 16:05:05.447248,782,Completed
783,Cash,467.95,2024-12-17 13:43:05.447254,783,Processing
784,Cash,458.62,2024-12-23 01:15:05.447259,784,Completed
785,Online,183.46,2024-11-23 00:26:05.447265,785,Pending
786,Cash,147.17,2024-11-03 12:21:05.447271,786,Processing
787,Cash,288.15,2024-12-07 06:11:05.447276,787,Refunded
788,Cash,227.4,2024-11-23 22:24:05.447282,788,Completed
789,Online,299.64,2024-12-08 00:55:05.447287,789,Processing
790,Online,378.44,2024-12-31 06:06:05.447293,790,Refunded
791,Online,360.44,2024-12-16 13:19:05.447299,791,Completed
792,Cash,483.73,2024-11-29 20:05:05.447305,792,Failed
793,Online,452.44,2024-12-16 15:13:05.447311,793,Refunded
794,Cash,308.07,2024-12-27 13:57:05.447316,794,Refunded
795,Cash,140.53,2024-11-08 13:49:05.447322,795,Refunded
796,Online,175.1,2024-11-20 17:55:05.447329,796,Processing
797,Online,466.14,2024-12-16 09:48:05.447334,797,Refunded
798,Cash,369.22,2024-12-19 16:27:05.447340,798,Refunded
799,Online,395.62,2024-11-10 22:30:05.447346,799,Pending
800,Online,387.97,2024-11-27 01:52:05.447353,800,Pending
801,Cash,125.33,2024-11-19 11:30:05.447359,801,Refunded
802,Online,307.99,2024-12-08 09:24:05.447365,802,Completed
803,Online,470.71,2024-11-08 12:20:05.447371,803,Failed
804,Online,111.65,2024-11-14 10:45:05.447377,804,Failed
805,Online,418.23,2024-11-19 22:23:05.447383,805,Failed
806,Online,200.87,2024-12-12 15:20:05.447389,806,Processing
807,Online,167.06,2024-12-15 06:32:05.447394,807,Completed
808,Cash,155.41,2024-12-27 14:07:05.447403,808,Pending
809,Online,292.72,2024-12-10 10:26:05.447413,809,Pending
810,Cash,443.85,2024-12-27 08:36:05.447422,810,Processing
811,Cash,258.96,2024-11-19 05:15:05.447434,811,Pending
812,Cash,373.97,2024-12-12 12:30:05.447440,812,Failed
813,Online,107.55,2024-11-09 07:15:05.447446,813,Processing
814,Online,183.5,2024-11-07 18:06:05.447451,814,Pending
815,Cash,122.39,2024-11-24 04:49:05.447457,815,Refunded
816,Online,424.81,2024-11-06 08:50:05.447462,816,Refunded
817,Online,252.97,2024-11-14 11:11:05.447468,817,Processing
818,Cash,292.52,2024-12-08 08:06:05.447473,818,Failed
819,Online,229.62,2024-11-30 06:04:05.447479,819,Pending
820,Cash,486.46,2024-12-15 18:25:05.447485,820,Refunded
821,Cash,314.68,2024-11-15 10:28:05.447491,821,Failed
822,Cash,104.39,2024-11-11 08:11:05.447496,822,Completed
823,Cash,209.78,2024-11-28 14:03:05.447502,823,Pending
824,Cash,155.62,2024-12-18 03:35:05.447509,824,Completed
825,Online,265.68,2024-12-27 13:29:05.447514,825,Processing
826,Online,176.45,2024-12-09 00:36:05.447520,826,Refunded
827,Cash,345.82,2024-11-24 00:20:05.447526,827,Refunded
828,Cash,385.95,2024-11-26 05:58:05.447532,828,Refunded
829,Online,188.43,2024-12-24 18:15:05.447538,829,Completed
830,Cash,492.21,2024-12-21 14:17:05.447545,830,Pending
831,Online,178.88,2024-12-03 08:48:05.447551,831,Failed
832,Cash,466.22,2024-12-11 01:34:05.447558,832,Failed
833,Cash,332.96,2024-11-18 04:24:05.447564,833,Completed
834,Cash,364.67,2024-12-23 18:45:05.447570,834,Pending
835,Online,382.74,2024-11-16 06:56:05.447576,835,Failed
836,Cash,273.01,2024-12-09 18:06:05.447581,836,Refunded
837,Cash,398.56,2024-12-01 07:46:05.447587,837,Pending
838,Cash,185.87,2024-12-13 19:48:05.447594,838,Pending
839,Online,232.65,2024-11-05 08:27:05.447600,839,Processing
840,Cash,324.46,2024-12-29 09:32:05.447608,840,Completed
841,Online,445.95,2024-12-23 14:24:05.447618,841,Failed
842,Cash,432.56,2024-12-23 18:43:05.447629,842,Pending
843,Cash,268.0,2024-12-03 15:22:05.447638,843,Processing
844,Online,166.51,2024-11-22 02:21:05.447644,844,Processing
845,Cash,250.71,2024-12-30 12:18:05.447649,845,Failed
846,Online,200.34,2024-12-31 03:10:05.447655,846,Completed
847,Cash,213.38,2024-12-29 00:19:05.447661,847,Refunded
848,Cash,119.58,2024-12-03 13:43:05.447668,848,Pending
849,Online,344.56,2024-11-10 07:00:05.447673,849,Failed
850,Cash,163.31,2024-11-20 05:26:05.447681,850,Pending
851,Cash,318.38,2024-12-24 15:06:05.447691,851,Pending
852,Cash,235.47,2024-12-27 22:54:05.447702,852,Failed
853,Cash,161.53,2024-12-16 20:12:05.447712,853,Failed
854,Cash,480.86,2024-11-14 06:15:05.447719,854,Pending
855,Online,422.05,2024-11-28 19:37:05.447725,855,Failed
856,Online,281.94,2024-12-02 03:48:05.447730,856,Failed
857,Online,116.71,2024-11-05 01:54:05.447736,857,Completed
858,Online,390.88,2024-12-08 12:47:05.447742,858,Failed
859,Online,363.13,2024-12-12 11:52:05.447747,859,Refunded
860,Cash,473.68,2024-11-12 11:11:05.447753,860,Completed
861,Online,330.9,2024-12-14 00:21:05.447759,861,Processing
862,Online,424.21,2024-12-29 16:52:05.447773,862,Processing
863,Online,267.37,2024-12-29 06:15:05.447783,863,Completed
864,Online,418.51,2024-12-20 21:05:05.447794,864,Completed
865,Cash,300.39,2024-12-31 02:10:05.447800,865,Pending
866,Online,305.95,2024-11-07 16:54:05.447806,866,Pending
867,Cash,104.28,2024-11-20 06:03:05.447811,867,Processing
868,Online,243.82,2024-12-01 10:57:05.447817,868,Pending
869,Cash,320.94,2024-11-23 07:33:05.447822,869,Processing
870,Cash,333.38,2024-11-26 19:37:05.447833,870,Completed
871,Cash,291.05,2024-12-03 00:33:05.447842,871,Processing
872,Cash,390.59,2024-11-13 00:10:05.447850,872,Processing
873,Cash,110.41,2024-11-26 05:26:05.447856,873,Processing
874,Cash,414.45,2024-12-31 17:46:05.447862,874,Processing
875,Online,258.84,2024-11-27 15:22:05.447868,875,Failed
876,Online,314.19,2024-12-18 00:58:05.447874,876,Failed
877,Cash,266.45,2024-12-25 09:51:05.447879,877,Refunded
878,Cash,113.51,2024-12-29 02:19:05.447885,878,Processing
879,Cash,375.21,2024-12-08 00:22:05.447891,879,Refunded
880,Cash,474.05,2024-12-09 21:25:05.447897,880,Pending
881,Online,471.57,2024-12-02 20:06:05.447902,881,Pending
882,Cash,215.68,2024-12-18 04:33:05.447908,882,Completed
883,Online,261.56,2024-11-15 15:52:05.447919,883,Processing
884,Online,495.91,2024-11-05 06:42:05.447934,884,Pending
885,Cash,468.82,2024-12-14 16:58:05.447939,885,Completed
886,Cash,175.16,2024-11-21 20:22:05.447945,886,Completed
887,Online,282.75,2024-12-19 22:02:05.447951,887,Pending
888,Cash,254.83,2024-11-21 02:01:05.447957,888,Refunded
889,Cash,183.82,2024-11-20 01:13:05.447963,889,Completed
890,Online,272.12,2024-12-05 22:26:05.447968,890,Refunded
891,Cash,218.73,2024-11-07 07:49:05.447974,891,Failed
892,Cash,187.98,2024-12-10 11:05:05.447979,892,Completed
893,Online,488.79,2024-12-15 12:15:05.447985,893,Processing
894,Cash,487.16,2024-12-30 11:46:05.447991,894,Processing
895,Online,337.88,2024-11-13 22:07:05.448002,895,Processing
896,Cash,301.91,2024-12-15 15:14:05.448012,896,Refunded
897,Cash,350.03,2024-12-20 22:28:05.448017,897,Pending
898,Online,157.87,2024-12-04 08:29:05.448024,898,Processing
899,Cash,269.91,2024-12-06 15:09:05.448029,899,Pending
900,Online,400.81,2024-12-29 06:45:05.448034,900,Refunded
901,Online,115.15,2024-12-15 01:54:05.448040,901,Completed
902,Online,314.56,2024-11-13 18:56:05.448045,902,Failed
903,Cash,114.21,2024-11-04 23:20:05.448051,903,Pending
904,Cash,454.83,2024-11-17 14:33:05.448057,904,Completed
905,Cash,368.22,2024-11-30 09:22:05.448062,905,Pending
906,Cash,404.58,2024-11-17 20:42:05.448069,906,Failed
907,Online,466.76,2024-12-13 13:00:05.448081,907,Pending
908,Online,374.89,2024-12-18 10:32:05.448090,908,Failed
909,Online,432.38,2024-12-07 03:07:05.448102,909,Refunded
910,Cash,469.68,2024-12-19 13:22:05.448109,910,Pending
911,Online,461.75,2024-12-15 14:11:05.448119,911,Failed
912,Cash,223.24,2024-11-03 14:29:05.448128,912,Processing
913,Online,454.59,2024-11-16 13:20:05.448139,913,Refunded
914,Online,269.76,2024-12-28 03:00:05.448145,914,Completed
915,Online,322.8,2024-11-16 17:09:05.448155,915,Failed
916,Cash,409.08,2024-12-19 02:21:05.448167,916,Processing
917,Cash,245.91,2024-11-26 20:34:05.448173,917,Pending
918,Cash,404.71,2024-11-15 12:31:05.448178,918,Processing
919,Cash,116.91,2024-12-14 15:22:05.448185,919,Pending
920,Cash,229.92,2024-12-09 14:27:05.448190,920,Pending
921,Cash,176.98,2024-12-30 03:45:05.448195,921,Refunded
922,Online,471.87,2024-12-31 01:13:05.448201,922,Failed
923,Cash,122.74,2024-12-09 13:49:05.448206,923,Processing
924,Cash,435.98,2024-11-12 02:35:05.448212,924,Pending
925,Cash,104.49,2024-11-13 13:45:05.448217,925,Failed
926,Online,261.28,2024-12-09 02:09:05.448223,926,Failed
927,Online,168.93,2024-11-13 03:48:05.448229,927,Completed
928,Cash,309.04,2024-11-23 21:24:05.448236,928,Refunded
929,Cash,186.82,2024-11-13 14:36:05.448241,929,Refunded
930,Cash,160.14,2024-12-29 08:03:05.448247,930,Refunded
931,Cash,377.97,2024-11-13 19:26:05.448253,931,Completed
932,Cash,454.88,2024-12-03 18:03:05.448259,932,Failed
933,Cash,316.29,2024-11-17 04:00:05.448265,933,Refunded
934,Cash,174.5,2024-12-06 13:44:05.448270,934,Refunded
935,Online,324.36,2024-11-11 13:05:05.448276,935,Completed
936,Online,411.16,2024-11-18 19:27:05.448281,936,Processing
937,Cash,172.23,2024-12-01 22:31:05.448287,937,Completed
938,Online,425.85,2024-12-16 15:34:05.448292,938,Failed
939,Cash,378.96,2024-12-29 14:14:05.448297,939,Processing
940,Online,281.16,2024-12-06 06:34:05.448303,940,Refunded
941,Cash,142.53,2024-11-18 09:31:05.448309,941,Processing
942,Online,335.0,2024-11-06 15:28:05.448314,942,Pending
943,Online,399.05,2024-11-21 16:45:05.448320,943,Processing
944,Cash,433.86,2024-12-04 11:59:05.448325,944,Pending
945,Online,206.07,2024-11-20 05:28:05.448330,945,Refunded
946,Online,440.25,2024-12-14 05:02:05.448336,946,Pending
947,Online,403.62,2024-12-13 05:47:05.448342,947,Processing
948,Online,372.43,2024-12-06 19:26:05.448347,948,Processing
949,Cash,412.02,2024-11-18 16:43:05.448353,949,Refunded
950,Cash,286.86,2024-12-05 14:02:05.448359,950,Failed
951,Online,402.33,2024-11-17 14:07:05.448365,951,Completed
952,Cash,284.63,2024-12-21 10:35:05.448371,952,Processing
953,Cash,370.27,2024-12-27 20:15:05.448376,953,Refunded
954,Cash,233.91,2024-11-29 02:24:05.448382,954,Failed
955,Online,110.73,2024-11-22 13:36:05.448387,955,Failed
956,Cash,373.99,2024-11-29 13:47:05.448393,956,Refunded
957,Cash,458.68,2024-12-03 09:36:05.448398,957,Refunded
958,Cash,447.52,2024-11-22 03:35:05.448404,958,Pending
959,Online,430.85,2024-11-16 12:33:05.448410,959,Processing
960,Online,447.34,2024-12-18 08:15:05.448416,960,Processing
961,Online,218.89,2024-12-27 14:50:05.448423,961,Failed
962,Online,444.09,2024-11-10 06:23:05.448429,962,Pending
963,Online,400.6,2024-11-02 12:43:05.448434,963,Refunded
964,Cash,255.62,2024-11-15 14:51:05.448440,964,Processing
965,Online,319.7,2024-11-09 02:46:05.448446,965,Failed
966,Cash,395.02,2024-11-26 08:18:05.448453,966,Pending
967,Online,141.8,2025-01-01 12:14:05.448459,967,Processing
968,Online,405.27,2024-11-23 13:59:05.448465,968,Refunded
969,Cash,424.64,2024-12-02 15:35:05.448470,969,Failed
970,Online,339.26,2024-12-24 03:21:05.448478,970,Processing
971,Cash,310.46,2024-12-20 17:24:05.448487,971,Completed
972,Online,476.24,2024-12-14 06:15:05.448508,972,Processing
973,Cash,413.79,2024-12-12 16:42:05.448516,973,Refunded
974,Online,335.01,2024-12-29 06:03:05.448524,974,Processing
975,Online,430.5,2024-12-08 23:48:05.448530,975,Processing
976,Cash,240.21,2024-11-07 16:09:05.448536,976,Completed
977,Online,437.34,2024-12-08 07:51:05.448542,977,Failed
978,Cash,127.59,2024-11-21 13:30:05.448547,978,Refunded
979,Online,130.1,2024-12-14 14:46:05.448553,979,Refunded
980,Online,344.97,2024-12-25 10:00:05.448559,980,Refunded
981,Cash,111.29,2024-12-02 19:01:05.448564,981,Completed
982,Online,212.71,2024-11-29 10:44:05.448571,982,Refunded
983,Online,272.17,2024-12-27 09:47:05.448576,983,Failed
984,Cash,168.58,2024-12-12 18:20:05.448582,984,Completed
985,Cash,243.06,2024-12-18 21:44:05.448588,985,Refunded
986,Cash,176.66,2024-11-09 18:34:05.448593,986,Processing
987,Online,308.45,2024-12-14 07:26:05.448599,987,Pending
988,Cash,456.21,2024-12-21 14:23:05.448604,988,Failed
989,Cash,404.77,2024-11-04 17:43:05.448610,989,Failed
990,Online,224.12,2024-11-08 07:05:05.448616,990,Processing
991,Cash,462.06,2024-11-04 08:45:05.448622,991,Pending
992,Cash,170.06,2024-11-21 10:03:05.448628,992,Pending
993,Online,299.92,2024-11-27 07:23:05.448634,993,Processing
994,Cash,149.29,2024-11-18 07:36:05.448640,994,Failed
995,Online,412.79,2024-12-25 00:08:05.448645,995,Failed
996,Online,303.87,2024-12-26 05:51:05.448651,996,Completed
997,Online,317.3,2024-12-21 08:53:05.448657,997,Completed
998,Cash,255.95,2024-11-11 09:48:05.448662,998,Pending
999,Cash,430.08,2024-11-14 22:37:05.448667,999,Pending
1000,Online,429.29,2024-11-23 08:20:05.448673,1000,Refunded
1001,Online,149.59,2024-12-09 15:55:05.448682,1001,Pending
1002,Online,451.72,2024-12-09 17:24:05.448692,1002,Pending
1003,Online,141.57,2024-12-26 13:49:05.448702,1003,Completed
1004,Online,119.44,2024-11-19 23:34:05.448711,1004,Pending
1005,Cash,275.13,2024-12-19 01:42:05.448717,1005,Processing
1006,Cash,201.91,2024-12-02 13:03:05.448722,1006,Pending
1007,Cash,412.59,2024-12-16 00:19:05.448728,1007,Refunded
1008,Cash,125.32,2024-12-10 19:59:05.448733,1008,Completed
1009,Cash,249.61,2024-11-10 00:23:05.448739,1009,Refunded
1010,Cash,230.61,2024-12-07 17:02:05.448745,1010,Failed
1011,Cash,301.88,2024-11-02 04:59:05.448750,1011,Refunded
1012,Online,269.41,2024-11-28 19:07:05.448756,1012,Pending
1013,Cash,452.42,2024-11-13 20:08:05.448761,1013,Completed
1014,Online,298.32,2024-12-31 07:08:05.448766,1014,Completed
1015,Cash,357.04,2024-12-21 22:23:05.448773,1015,Completed
1016,Online,414.75,2024-11-22 18:28:05.448779,1016,Processing
1017,Online,463.13,2024-12-03 10:30:05.448785,1017,Refunded
1018,Online,412.32,2024-11-13 10:08:05.448791,1018,Failed
1019,Online,274.71,2024-11-20 11:05:05.448796,1019,Failed
1020,Online,236.48,2024-12-15 08:10:05.448803,1020,Failed
1021,Online,347.43,2024-11-06 00:44:05.448809,1021,Processing
1022,Online,421.9,2024-11-15 06:50:05.448815,1022,Refunded
1023,Online,498.82,2024-12-23 07:24:05.448821,1023,Failed
1024,Online,339.51,2024-11-07 23:54:05.448828,1024,Completed
1025,Online,276.62,2024-11-13 11:27:05.448834,1025,Failed
1026,Online,400.95,2024-12-26 22:57:05.448839,1026,Pending
1027,Online,311.67,2024-12-19 23:01:05.448845,1027,Completed
1028,Cash,443.54,2024-12-18 06:24:05.448851,1028,Failed
1029,Online,482.83,2024-11-13 05:19:05.448856,1029,Pending
1030,Online,258.64,2024-12-26 08:36:05.448862,1030,Failed
1031,Cash,341.95,2024-11-16 18:49:05.448867,1031,Failed
1032,Online,394.47,2024-12-05 22:06:05.448873,1032,Failed
1033,Online,224.46,2024-12-23 19:56:05.448879,1033,Refunded
1034,Online,209.66,2024-12-18 22:22:05.448885,1034,Processing
1035,Cash,430.71,2024-11-18 20:06:05.448891,1035,Completed
1036,Online,450.74,2024-12-03 06:26:05.448897,1036,Refunded
1037,Cash,477.01,2024-11-13 04:23:05.448902,1037,Pending
1038,Online,434.91,2024-11-05 11:17:05.448909,1038,Processing
1039,Cash,350.1,2024-11-08 16:25:05.448915,1039,Refunded
1040,Cash,436.06,2024-11-27 13:42:05.448920,1040,Failed
1041,Online,329.99,2024-11-13 10:20:05.448925,1041,Refunded
1042,Cash,343.95,2024-12-08 00:47:05.448931,1042,Refunded
1043,Cash,462.54,2024-11-05 06:44:05.448937,1043,Processing
1044,Cash,215.93,2024-12-19 16:19:05.448943,1044,Pending
1045,Online,477.55,2024-12-29 06:33:05.448949,1045,Pending
1046,Cash,334.97,2024-12-11 13:58:05.448954,1046,Processing
1047,Online,487.92,2024-12-22 02:34:05.448959,1047,Refunded
1048,Online,129.08,2024-12-01 11:45:05.448966,1048,Processing
1049,Cash,296.81,2024-12-24 10:54:05.448971,1049,Processing
1050,Cash,314.71,2024-11-20 01:00:05.448977,1050,Refunded
1051,Online,145.46,2024-11-19 03:18:05.448982,1051,Pending
1052,Cash,144.52,2024-11-29 19:00:05.448988,1052,Processing
1053,Cash,268.74,2024-11-03 05:47:05.448993,1053,Failed
1054,Online,111.73,2024-11-16 01:59:05.448999,1054,Failed
1055,Online,104.06,2024-12-16 07:12:05.449004,1055,Completed
1056,Cash,408.28,2025-01-01 11:47:05.449011,1056,Refunded
1057,Cash,289.08,2024-12-23 01:31:05.449017,1057,Completed
1058,Online,113.21,2024-12-03 14:03:05.449022,1058,Processing
1059,Cash,321.67,2024-12-29 06:56:05.449028,1059,Pending
1060,Online,371.87,2024-11-22 08:58:05.449034,1060,Failed
1061,Cash,442.96,2024-12-01 05:06:05.449040,1061,Refunded
1062,Online,142.27,2024-11-21 16:54:05.449046,1062,Completed
1063,Online,211.06,2024-11-28 20:17:05.449052,1063,Refunded
1064,Cash,356.24,2024-11-13 19:05:05.449057,1064,Pending
1065,Cash,476.03,2024-12-12 21:17:05.449063,1065,Pending
1066,Online,233.12,2024-12-19 11:47:05.449069,1066,Completed
1067,Cash,274.18,2024-11-15 17:31:05.449075,1067,Failed
1068,Online,385.22,2024-12-07 05:19:05.449081,1068,Pending
1069,Online,372.21,2024-12-23 00:25:05.449088,1069,Completed
1070,Cash,181.53,2024-11-30 23:49:05.449093,1070,Refunded
1071,Online,211.89,2024-12-01 16:37:05.449099,1071,Processing
1072,Online,192.44,2024-12-25 13:50:05.449104,1072,Processing
1073,Online,184.13,2024-12-03 18:34:05.449110,1073,Refunded
1074,Online,219.69,2024-11-18 00:23:05.449116,1074,Pending
1075,Cash,272.61,2024-12-19 15:29:05.449122,1075,Failed
1076,Online,204.9,2024-12-25 18:42:05.449129,1076,Processing
1077,Online,193.94,2024-11-22 20:14:05.449138,1077,Refunded
1078,Online,134.43,2024-11-14 08:47:05.449148,1078,Failed
1079,Online,134.47,2024-12-09 15:09:05.449154,1079,Processing
1080,Online,186.1,2024-11-07 02:12:05.449161,1080,Refunded
1081,Cash,291.6,2024-11-24 17:15:05.449166,1081,Refunded
1082,Online,319.03,2024-12-31 23:01:05.449173,1082,Pending
1083,Online,494.63,2024-11-17 12:09:05.449179,1083,Pending
1084,Online,461.73,2024-11-22 11:58:05.449184,1084,Pending
1085,Online,412.91,2024-11-19 07:20:05.449190,1085,Refunded
1086,Cash,421.84,2024-12-14 13:53:05.449196,1086,Failed
1087,Online,170.37,2024-11-21 04:05:05.449201,1087,Processing
1088,Online,242.43,2025-01-01 08:53:05.449207,1088,Refunded
1089,Online,474.29,2024-12-18 22:31:05.449213,1089,Completed
1090,Cash,403.72,2024-11-29 04:25:05.449220,1090,Failed
1091,Online,241.1,2024-11-27 17:09:05.449230,1091,Pending
1092,Online,460.31,2024-11-04 14:59:05.449240,1092,Processing
1093,Online,131.19,2024-11-28 07:08:05.449246,1093,Processing
1094,Cash,437.59,2024-12-14 20:15:05.449252,1094,Completed
1095,Online,289.64,2024-12-02 06:16:05.449258,1095,Failed
1096,Online,274.77,2024-11-25 14:11:05.449264,1096,Pending
1097,Cash,443.57,2024-12-14 00:06:05.449270,1097,Failed
1098,Cash,126.89,2024-11-11 05:03:05.449276,1098,Refunded
1099,Online,189.24,2024-11-24 23:27:05.449282,1099,Completed
1100,Online,236.31,2024-11-09 12:01:05.449287,1100,Pending
1101,Online,231.56,2024-11-10 00:04:05.449293,1101,Refunded
1102,Cash,455.68,2024-12-17 16:19:05.449299,1102,Completed
1103,Cash,248.41,2024-11-20 12:12:05.449304,1103,Refunded
1104,Online,300.01,2024-12-17 22:55:05.449310,1104,Completed
1105,Cash,253.95,2024-12-21 22:10:05.449315,1105,Completed
1106,Cash,452.44,2024-11-11 14:14:05.449321,1106,Pending
1107,Online,473.34,2024-12-17 11:46:05.449327,1107,Completed
1108,Cash,300.7,2024-11-22 06:29:05.449332,1108,Failed
1109,Cash,448.55,2024-12-10 04:46:05.449338,1109,Failed
1110,Online,476.28,2024-11-17 14:47:05.449344,1110,Refunded
1111,Online,253.01,2024-12-03 00:59:05.449349,1111,Failed
1112,Online,304.14,2024-11-15 15:55:05.449354,1112,Failed
1113,Cash,364.2,2024-12-18 11:26:05.449360,1113,Pending
1114,Online,215.32,2024-12-24 15:56:05.449366,1114,Refunded
1115,Online,158.59,2024-12-06 06:17:05.449372,1115,Failed
1116,Online,365.99,2024-11-29 05:32:05.449377,1116,Failed
1117,Cash,384.07,2024-11-03 11:04:05.449383,1117,Pending
1118,Cash,390.26,2024-12-05 05:25:05.449388,1118,Failed
1119,Online,332.24,2024-12-20 02:21:05.449394,1119,Processing
1120,Online,214.78,2024-12-12 21:12:05.449401,1120,Failed
1121,Cash,360.85,2024-12-30 23:13:05.449406,1121,Refunded
1122,Online,376.58,2024-11-13 23:36:05.449412,1122,Completed
1123,Cash,364.25,2024-11-27 02:56:05.449418,1123,Pending
1124,Cash,434.18,2024-12-19 17:30:05.449423,1124,Pending
1125,Online,415.97,2024-12-17 20:17:05.449429,1125,Pending
1126,Cash,201.55,2024-11-18 10:09:05.449435,1126,Completed
1127,Cash,212.68,2024-12-18 05:56:05.449441,1127,Failed
1128,Online,427.2,2024-12-17 23:29:05.449446,1128,Completed
1129,Cash,301.99,2024-12-14 04:07:05.449452,1129,Completed
1130,Cash,267.14,2024-11-17 01:27:05.449458,1130,Completed
1131,Online,187.85,2024-12-05 19:04:05.449463,1131,Processing
1132,Online,488.58,2024-12-30 06:02:05.449469,1132,Processing
1133,Online,480.64,2024-12-19 15:49:05.449474,1133,Processing
1134,Online,309.08,2024-11-06 19:47:05.449480,1134,Processing
1135,Cash,367.36,2024-11-03 14:05:05.449486,1135,Completed
1136,Online,415.06,2024-12-08 17:09:05.449491,1136,Processing
1137,Cash,156.3,2024-12-06 23:01:05.449497,1137,Refunded
1138,Cash,126.59,2024-12-05 13:10:05.449502,1138,Refunded
1139,Cash,393.63,2024-12-02 00:55:05.449508,1139,Completed
1140,Cash,467.75,2024-11-03 17:51:05.449514,1140,Refunded
1141,Online,151.54,2024-11-20 19:46:05.449520,1141,Refunded
1142,Online,487.93,2024-11-13 15:20:05.449526,1142,Completed
1143,Cash,260.92,2024-11-21 03:49:05.449531,1143,Completed
1144,Online,360.52,2024-12-09 05:22:05.449537,1144,Completed
1145,Online,104.18,2024-12-02 20:48:05.449543,1145,Completed
1146,Cash,322.44,2024-11-18 23:00:05.449549,1146,Processing
1147,Cash,149.08,2024-11-02 14:11:05.449568,1147,Completed
1148,Online,224.47,2024-12-24 20:35:05.449576,1148,Pending
1149,Cash,157.37,2024-12-20 08:33:05.449586,1149,Completed
1150,Cash,312.27,2024-11-06 06:51:05.449596,1150,Pending
1151,Online,144.07,2024-11-19 10:26:05.449605,1151,Completed
1152,Online,130.43,2024-11-08 11:35:05.449617,1152,Completed
1153,Online,398.14,2024-11-08 23:56:05.449626,1153,Pending
1154,Cash,153.73,2024-12-27 08:16:05.449631,1154,Failed
1155,Cash,280.24,2025-01-01 09:20:05.449637,1155,Completed
1156,Cash,394.91,2024-12-19 06:50:05.449643,1156,Failed
1157,Cash,151.88,2024-12-21 06:47:05.449651,1157,Completed
1158,Online,273.35,2024-11-03 22:29:05.449660,1158,Refunded
1159,Online,226.92,2024-12-15 04:25:05.449671,1159,Completed
1160,Cash,267.09,2024-12-20 10:42:05.449676,1160,Pending
1161,Online,223.19,2024-11-17 17:59:05.449682,1161,Failed
1162,Online,273.24,2024-12-04 12:04:05.449688,1162,Failed
1163,Online,366.04,2024-11-02 02:01:05.449693,1163,Refunded
1164,Cash,308.97,2024-12-18 03:16:05.449698,1164,Processing
1165,Online,419.59,2024-11-08 14:32:05.449704,1165,Processing
1166,Cash,381.19,2024-11-21 11:23:05.449710,1166,Failed
1167,Online,307.01,2024-11-04 14:03:05.449716,1167,Completed
1168,Online,401.88,2024-12-25 07:35:05.449722,1168,Refunded
1169,Online,301.86,2024-12-23 19:21:05.449727,1169,Completed
1170,Online,176.53,2024-12-20 19:31:05.449733,1170,Failed
1171,Online,490.02,2024-11-28 09:05:05.449740,1171,Processing
1172,Cash,125.55,2024-12-18 15:03:05.449745,1172,Processing
1173,Online,406.44,2024-12-04 20:33:05.449751,1173,Pending
1174,Online,420.08,2024-12-17 12:22:05.449761,1174,Failed
1175,Cash,170.58,2024-12-17 04:49:05.449771,1175,Pending
1176,Cash,118.18,2024-11-14 11:29:05.449782,1176,Failed
1177,Online,306.85,2024-11-05 16:45:05.449788,1177,Refunded
1178,Cash,110.94,2024-11-09 23:25:05.449793,1178,Pending
1179,Online,218.4,2024-11-19 13:42:05.449799,1179,Pending
1180,Cash,277.54,2024-12-25 22:42:05.449805,1180,Completed
1181,Online,172.17,2024-12-29 15:24:05.449811,1181,Completed
1182,Cash,134.63,2024-11-26 18:28:05.449816,1182,Processing
1183,Online,100.34,2024-12-14 20:31:05.449822,1183,Completed
1184,Cash,139.21,2024-12-08 04:09:05.449828,1184,Failed
1185,Online,230.85,2024-12-04 15:52:05.449834,1185,Pending
1186,Cash,344.97,2024-12-25 00:32:05.449840,1186,Refunded
1187,Online,251.09,2024-11-15 14:10:05.449846,1187,Pending
1188,Online,292.92,2024-12-31 01:46:05.449852,1188,Failed
1189,Cash,447.48,2024-12-06 15:14:05.449858,1189,Failed
1190,Cash,151.05,2024-12-18 20:36:05.449864,1190,Completed
1191,Cash,210.61,2024-11-10 02:12:05.449869,1191,Failed
1192,Cash,499.2,2024-11-03 21:12:05.449875,1192,Pending
1193,Online,168.48,2024-11-18 17:57:05.449880,1193,Processing
1194,Cash,326.47,2024-11-11 09:07:05.449886,1194,Completed
1195,Online,323.21,2024-12-07 17:14:05.449892,1195,Processing
1196,Online,426.0,2024-12-09 13:18:05.449897,1196,Refunded
1197,Online,303.91,2024-11-23 10:03:05.449902,1197,Processing
1198,Online,357.0,2024-11-30 15:58:05.449909,1198,Processing
1199,Online,309.15,2024-12-22 03:07:05.449915,1199,Pending
1200,Cash,381.77,2024-11-10 13:49:05.449921,1200,Refunded
1201,Cash,433.53,2024-11-10 17:15:05.449926,1201,Refunded
1202,Online,313.17,2024-12-27 02:19:05.449931,1202,Pending
1203,Online,226.56,2024-12-05 07:45:05.449936,1203,Pending
1204,Cash,429.38,2024-11-22 03:09:05.449942,1204,Completed
1205,Online,358.25,2024-11-19 23:20:05.449947,1205,Refunded
1206,Cash,272.12,2024-11-19 19:26:05.449953,1206,Pending
1207,Online,493.5,2024-12-08 21:36:05.449959,1207,Refunded
1208,Online,476.16,2024-12-07 07:18:05.449965,1208,Pending
1209,Cash,277.53,2024-12-31 10:48:05.449971,1209,Completed
1210,Online,363.75,2024-11-14 05:42:05.449977,1210,Completed
1211,Cash,301.2,2024-11-21 07:06:05.449983,1211,Pending
1212,Cash,324.37,2024-11-21 01:20:05.449989,1212,Pending
1213,Online,392.35,2024-11-17 23:08:05.449994,1213,Refunded
1214,Online,118.2,2024-12-10 23:01:05.450000,1214,Failed
1215,Cash,236.25,2024-12-12 07:17:05.450006,1215,Pending
1216,Online,465.99,2024-11-30 06:37:05.450012,1216,Refunded
1217,Online,318.06,2024-12-26 10:10:05.450017,1217,Pending
1218,Cash,399.0,2024-12-17 14:37:05.450023,1218,Processing
1219,Cash,224.22,2024-11-06 23:11:05.450029,1219,Refunded
1220,Cash,203.81,2024-11-10 00:14:05.450034,1220,Refunded
1221,Online,438.61,2024-12-14 20:50:05.450040,1221,Completed
1222,Cash,343.04,2024-11-23 19:00:05.450046,1222,Failed
1223,Cash,318.46,2024-12-25 19:37:05.450051,1223,Completed
1224,Cash,413.23,2024-12-03 13:45:05.450057,1224,Processing
1225,Online,288.33,2024-12-19 08:50:05.450067,1225,Refunded
1226,Cash,167.04,2024-12-27 00:47:05.450077,1226,Refunded
1227,Online,364.56,2024-11-23 17:35:05.450084,1227,Processing
1228,Cash,412.84,2024-11-04 06:45:05.450089,1228,Failed
1229,Online,249.84,2024-11-22 22:22:05.450095,1229,Pending
1230,Online,381.12,2024-11-02 04:03:05.450102,1230,Refunded
1231,Online,438.39,2024-11-10 12:13:05.450108,1231,Pending
1232,Cash,484.95,2024-12-01 01:55:05.450113,1232,Pending
1233,Online,244.14,2024-12-03 03:31:05.450118,1233,Pending
1234,Cash,272.37,2024-11-12 14:54:05.450124,1234,Failed
1235,Online,124.98,2024-11-27 22:51:05.450129,1235,Failed
1236,Cash,473.93,2024-12-12 15:15:05.450135,1236,Pending
1237,Cash,180.42,2024-11-28 04:11:05.450141,1237,Processing
1238,Cash,359.18,2024-11-06 11:56:05.450147,1238,Completed
1239,Online,419.41,2024-12-24 21:23:05.450152,1239,Completed
1240,Cash,238.36,2024-12-22 07:28:05.450158,1240,Failed
1241,Online,202.06,2024-12-29 17:17:05.450164,1241,Processing
1242,Online,220.31,2024-12-28 17:15:05.450169,1242,Pending
1243,Online,141.83,2024-11-28 19:10:05.450175,1243,Processing
1244,Online,260.1,2024-11-24 01:05:05.450181,1244,Processing
1245,Cash,154.72,2024-11-28 01:45:05.450187,1245,Failed
1246,Cash,214.2,2024-12-28 06:06:05.450195,1246,Completed
1247,Online,335.91,2024-12-12 01:02:05.450201,1247,Refunded
1248,Online,367.38,2024-11-11 06:04:05.450211,1248,Processing
1249,Online,332.21,2024-12-11 08:52:05.450221,1249,Processing
1250,Online,129.93,2024-11-21 02:16:05.450228,1250,Completed
1251,Online,445.54,2024-12-20 09:46:05.450234,1251,Completed
1252,Online,308.83,2024-11-25 09:08:05.450240,1252,Processing
1253,Cash,294.54,2024-12-16 14:18:05.450246,1253,Refunded
1254,Cash,239.45,2024-12-04 15:46:05.450251,1254,Completed
1255,Online,455.11,2024-11-05 15:30:05.450257,1255,Processing
1256,Online,139.26,2024-11-29 19:48:05.450262,1256,Failed
1257,Cash,436.61,2024-11-21 17:21:05.450269,1257,Completed
1258,Cash,498.44,2024-11-27 11:01:05.450285,1258,Failed
1259,Online,390.96,2024-11-20 13:46:05.450291,1259,Pending
1260,Online,161.91,2024-11-19 07:29:05.450297,1260,Failed
1261,Cash,157.55,2024-12-28 14:16:05.450306,1261,Failed
1262,Online,297.87,2024-12-13 13:44:05.450318,1262,Failed
1263,Cash,150.98,2024-12-23 10:46:05.450324,1263,Pending
1264,Cash,317.16,2024-11-10 04:16:05.450330,1264,Processing
1265,Cash,311.05,2024-12-17 16:04:05.450335,1265,Pending
1266,Online,495.59,2024-12-07 20:04:05.450340,1266,Failed
1267,Cash,455.08,2024-11-07 10:14:05.450346,1267,Refunded
1268,Cash,375.28,2024-11-18 02:54:05.450352,1268,Failed
1269,Online,441.07,2024-12-25 18:24:05.450357,1269,Completed
1270,Online,358.86,2024-12-11 04:43:05.450362,1270,Processing
1271,Cash,284.78,2024-12-13 07:12:05.450368,1271,Processing
1272,Cash,440.48,2024-12-05 16:00:05.450373,1272,Pending
1273,Online,156.63,2024-11-27 08:57:05.450380,1273,Completed
1274,Cash,132.85,2024-12-22 19:23:05.450385,1274,Completed
1275,Cash,149.72,2024-11-08 14:59:05.450391,1275,Processing
1276,Cash,126.62,2024-11-16 19:31:05.450397,1276,Completed
1277,Online,234.58,2024-11-08 00:25:05.450402,1277,Completed
1278,Online,200.6,2024-11-01 21:24:05.450408,1278,Failed
1279,Cash,148.74,2024-11-18 02:20:05.450414,1279,Processing
1280,Cash,471.25,2024-12-11 11:32:05.450420,1280,Processing
1281,Cash,438.12,2024-12-26 07:20:05.450426,1281,Processing
1282,Cash,330.99,2024-11-15 22:07:05.450432,1282,Pending
1283,Cash,384.03,2024-11-01 13:48:05.450438,1283,Completed
1284,Cash,490.22,2024-11-03 21:23:05.450444,1284,Failed
1285,Cash,238.24,2024-11-07 14:02:05.450450,1285,Processing
1286,Cash,164.65,2024-12-08 17:56:05.450455,1286,Refunded
1287,Cash,349.31,2024-12-03 03:01:05.450460,1287,Failed
1288,Online,495.14,2024-11-18 00:17:05.450466,1288,Refunded
1289,Cash,354.8,2024-12-05 00:43:05.450472,1289,Pending
1290,Cash,247.19,2024-12-28 18:06:05.450477,1290,Failed
1291,Online,113.16,2024-11-21 00:26:05.450483,1291,Refunded
1292,Online,130.06,2024-12-07 13:28:05.450488,1292,Pending
1293,Online,362.52,2024-11-22 01:21:05.450494,1293,Processing
1294,Cash,392.1,2024-11-17 22:20:05.450501,1294,Pending
1295,Cash,114.77,2024-12-17 22:19:05.450507,1295,Pending
1296,Online,280.35,2024-11-27 06:45:05.450512,1296,Failed
1297,Cash,194.41,2024-11-18 09:10:05.450517,1297,Pending
1298,Cash,427.99,2024-11-05 03:59:05.450523,1298,Failed
1299,Cash,374.89,2024-12-21 17:52:05.450528,1299,Refunded
1300,Online,360.18,2024-12-15 08:54:05.450534,1300,Processing
1301,Online,279.52,2024-11-01 19:24:05.450539,1301,Completed
1302,Cash,406.79,2024-12-14 22:52:05.450545,1302,Processing
1303,Online,359.83,2024-11-10 07:42:05.450550,1303,Pending
1304,Online,275.56,2024-12-28 07:49:05.450556,1304,Completed
1305,Cash,465.76,2024-11-12 13:49:05.450562,1305,Refunded
1306,Cash,287.63,2024-11-16 01:30:05.450567,1306,Completed
1307,Online,375.25,2024-12-03 09:20:05.450573,1307,Completed
1308,Online,181.0,2024-12-10 06:08:05.450578,1308,Processing
1309,Online,336.18,2024-12-24 16:10:05.450584,1309,Completed
1310,Cash,291.16,2024-12-14 13:03:05.450590,1310,Processing
1311,Cash,410.64,2024-12-30 05:11:05.450595,1311,Failed
1312,Online,385.04,2024-11-24 07:01:05.450602,1312,Completed
1313,Online,475.86,2024-12-24 12:30:05.450608,1313,Pending
1314,Online,105.8,2024-11-02 09:20:05.450613,1314,Processing
1315,Cash,275.24,2024-12-24 13:29:05.450619,1315,Processing
1316,Cash,278.11,2024-11-17 13:33:05.450624,1316,Failed
1317,Online,108.83,2024-11-12 02:18:05.450630,1317,Pending
1318,Cash,260.7,2024-12-10 06:03:05.450636,1318,Refunded
1319,Cash,485.28,2024-12-06 21:53:05.450642,1319,Processing
1320,Online,224.86,2024-12-21 04:50:05.450647,1320,Pending
1321,Cash,400.36,2024-12-27 10:16:05.450653,1321,Failed
1322,Cash,235.78,2025-01-01 10:45:05.450658,1322,Completed
1323,Cash,281.82,2024-11-07 23:43:05.450664,1323,Pending
1324,Cash,418.38,2024-12-15 10:31:05.450673,1324,Failed
1325,Online,271.08,2025-01-01 08:52:05.450682,1325,Pending
1326,Cash,109.48,2024-12-04 17:08:05.450692,1326,Pending
1327,Online,472.72,2024-11-17 14:44:05.450701,1327,Refunded
1328,Cash,275.66,2024-11-07 03:14:05.450707,1328,Completed
1329,Cash,484.83,2024-12-01 09:27:05.450712,1329,Failed
1330,Online,449.98,2024-11-04 02:46:05.450717,1330,Failed
1331,Cash,124.46,2024-11-23 18:04:05.450722,1331,Pending
1332,Cash,324.93,2024-11-28 20:48:05.450727,1332,Pending
1333,Cash,302.71,2024-12-24 13:46:05.450733,1333,Failed
1334,Online,121.4,2024-11-21 14:30:05.450738,1334,Processing
1335,Online,127.32,2024-11-18 17:16:05.450744,1335,Completed
1336,Online,239.31,2024-11-14 02:36:05.450749,1336,Completed
1337,Cash,150.72,2024-11-13 11:29:05.450755,1337,Processing
1338,Cash,259.14,2024-11-22 14:26:05.450760,1338,Processing
1339,Online,373.96,2024-12-04 02:08:05.450766,1339,Processing
1340,Online,490.94,2024-12-22 23:17:05.450772,1340,Processing
1341,Online,496.57,2024-12-18 11:51:05.450778,1341,Failed
1342,Cash,460.84,2024-12-29 19:36:05.450784,1342,Refunded
1343,Online,330.29,2024-12-26 11:34:05.450789,1343,Failed
1344,Cash,224.89,2024-12-20 21:43:05.450796,1344,Pending
1345,Cash,337.01,2024-12-22 22:53:05.450802,1345,Processing
1346,Cash,491.17,2024-11-14 02:09:05.450807,1346,Completed
1347,Online,453.3,2024-12-10 10:54:05.450813,1347,Failed
1348,Online,150.36,2024-12-01 02:33:05.450820,1348,Completed
1349,Cash,379.47,2024-11-15 12:26:05.450828,1349,Pending
1350,Cash,371.87,2024-12-27 10:42:05.450837,1350,Pending
1351,Cash,112.29,2024-12-06 09:31:05.450847,1351,Completed
1352,Online,356.1,2024-12-07 07:34:05.450857,1352,Failed
1353,Online,370.76,2024-12-07 05:16:05.450862,1353,Failed
1354,Online,162.37,2024-12-21 13:54:05.450869,1354,Pending
1355,Cash,177.94,2024-11-04 08:19:05.450874,1355,Processing
1356,Cash,357.26,2024-11-29 15:11:05.450880,1356,Pending
1357,Cash,258.74,2024-12-21 14:45:05.450886,1357,Completed
1358,Online,233.2,2024-12-05 17:19:05.450891,1358,Pending
1359,Online,270.28,2024-12-19 14:17:05.450898,1359,Refunded
1360,Online,341.21,2024-12-01 09:16:05.450904,1360,Processing
1361,Cash,288.36,2024-12-29 02:30:05.450910,1361,Pending
1362,Online,409.98,2024-12-14 21:23:05.450916,1362,Completed
1363,Online,288.79,2024-11-16 08:16:05.450921,1363,Processing
1364,Online,109.2,2024-12-14 11:32:05.450927,1364,Processing
1365,Online,216.82,2024-11-15 19:16:05.450932,1365,Completed
1366,Cash,449.53,2024-12-22 10:51:05.450938,1366,Processing
1367,Cash,370.71,2024-11-26 11:09:05.450943,1367,Failed
1368,Online,297.96,2024-11-22 07:11:05.450949,1368,Refunded
1369,Online,373.33,2024-11-11 23:48:05.450955,1369,Processing
1370,Cash,158.66,2024-12-10 12:13:05.450960,1370,Completed
1371,Cash,207.95,2024-12-24 23:06:05.450965,1371,Completed
1372,Cash,117.09,2024-11-02 06:24:05.450971,1372,Refunded
1373,Online,311.29,2024-11-22 13:47:05.450976,1373,Failed
1374,Online,113.35,2024-11-17 23:30:05.450982,1374,Completed
1375,Cash,432.36,2024-11-11 16:50:05.450987,1375,Completed
1376,Online,467.7,2024-12-04 19:27:05.450993,1376,Completed
1377,Cash,395.05,2024-12-29 07:12:05.450999,1377,Refunded
1378,Online,214.67,2024-11-23 17:57:05.451005,1378,Refunded
1379,Online,435.93,2024-11-16 13:22:05.451011,1379,Processing
1380,Cash,494.9,2024-12-29 18:07:05.451016,1380,Refunded
1381,Online,305.87,2024-12-30 20:06:05.451022,1381,Refunded
1382,Cash,268.11,2024-11-02 12:16:05.451028,1382,Failed
1383,Online,425.84,2024-12-16 13:25:05.451033,1383,Refunded
1384,Online,282.45,2024-12-30 11:01:05.451039,1384,Failed
1385,Cash,207.02,2024-12-05 00:46:05.451045,1385,Completed
1386,Cash,371.86,2024-12-27 10:37:05.451051,1386,Failed
1387,Cash,468.09,2024-11-07 19:33:05.451056,1387,Failed
1388,Cash,153.69,2024-11-06 21:46:05.451062,1388,Failed
1389,Cash,249.42,2024-12-07 05:26:05.451068,1389,Refunded
1390,Cash,232.77,2024-12-10 16:29:05.451074,1390,Refunded
1391,Cash,353.78,2024-12-07 20:55:05.451079,1391,Processing
1392,Online,330.82,2024-12-29 04:46:05.451085,1392,Pending
1393,Cash,428.5,2024-11-29 22:19:05.451091,1393,Refunded
1394,Cash,469.05,2024-12-28 01:13:05.451097,1394,Failed
1395,Cash,104.12,2024-12-15 15:59:05.451102,1395,Completed
1396,Cash,419.7,2024-11-25 07:49:05.451108,1396,Completed
1397,Cash,444.66,2024-11-23 08:50:05.451114,1397,Pending
1398,Cash,153.43,2024-12-10 12:18:05.451119,1398,Failed
1399,Cash,389.27,2024-12-24 19:20:05.451125,1399,Refunded
1400,Online,121.69,2024-11-08 20:55:05.451130,1400,Pending
1401,Cash,453.54,2024-11-09 17:43:05.451137,1401,Pending
1402,Online,129.65,2024-11-16 04:57:05.451142,1402,Completed
1403,Online,441.03,2024-12-22 21:21:05.451147,1403,Refunded
1404,Cash,172.33,2024-11-05 08:46:05.451153,1404,Pending
1405,Cash,179.89,2024-12-28 21:01:05.451159,1405,Pending
1406,Online,474.22,2024-12-16 10:00:05.451167,1406,Refunded
1407,Online,451.71,2024-11-12 13:27:05.451173,1407,Pending
1408,Online,274.33,2024-11-16 12:06:05.451179,1408,Processing
1409,Cash,402.37,2024-11-06 20:36:05.451185,1409,Completed
1410,Cash,294.39,2024-11-01 22:03:05.451190,1410,Completed
1411,Cash,349.01,2024-11-11 20:59:05.451196,1411,Processing
1412,Cash,151.37,2024-11-28 12:14:05.451201,1412,Failed
1413,Cash,321.75,2024-12-20 04:56:05.451207,1413,Processing
1414,Online,315.34,2024-11-20 13:58:05.451212,1414,Completed
1415,Online,477.16,2024-12-10 10:13:05.451218,1415,Pending
1416,Cash,285.11,2024-12-25 14:36:05.451223,1416,Processing
1417,Cash,371.64,2024-11-15 18:52:05.451229,1417,Refunded
1418,Cash,121.9,2024-12-04 03:51:05.451234,1418,Failed
1419,Online,377.11,2024-11-02 04:09:05.451240,1419,Completed
1420,Online,423.73,2024-12-16 01:46:05.451246,1420,Completed
1421,Online,206.15,2024-12-09 15:44:05.451251,1421,Processing
1422,Online,102.41,2024-12-24 15:43:05.451256,1422,Pending
1423,Online,464.23,2024-12-11 22:00:05.451263,1423,Completed
1424,Cash,282.88,2024-11-30 08:26:05.451268,1424,Pending
1425,Online,259.71,2024-12-14 18:14:05.451276,1425,Failed
1426,Cash,132.58,2024-12-14 09:21:05.451286,1426,Refunded
1427,Cash,211.64,2024-11-14 07:51:05.451296,1427,Processing
1428,Online,349.7,2024-12-26 08:09:05.451305,1428,Completed
1429,Cash,326.02,2024-12-25 12:12:05.451311,1429,Failed
1430,Online,220.61,2024-12-07 04:10:05.451316,1430,Completed
1431,Cash,441.21,2024-11-27 17:48:05.451322,1431,Completed
1432,Online,350.74,2024-11-18 13:53:05.451328,1432,Completed
1433,Online,205.04,2024-11-28 16:34:05.451334,1433,Processing
1434,Online,416.26,2024-11-30 13:06:05.451339,1434,Refunded
1435,Online,257.23,2024-11-24 10:49:05.451345,1435,Processing
1436,Cash,261.51,2024-12-31 01:53:05.451350,1436,Refunded
1437,Cash,146.7,2024-12-02 14:08:05.451355,1437,Processing
1438,Online,394.52,2024-11-26 10:59:05.451362,1438,Failed
1439,Online,330.29,2024-11-03 15:09:05.451367,1439,Completed
1440,Online,158.99,2024-11-09 14:33:05.451374,1440,Completed
1441,Online,307.1,2024-12-23 19:59:05.451384,1441,Processing
1442,Cash,420.53,2024-12-15 06:09:05.451394,1442,Processing
1443,Online,361.17,2024-11-07 19:57:05.451400,1443,Processing
1444,Online,181.88,2024-11-30 02:25:05.451406,1444,Completed
1445,Cash,483.45,2024-12-07 16:01:05.451411,1445,Pending
1446,Online,497.63,2024-12-11 01:47:05.451417,1446,Pending
1447,Online,420.6,2024-12-14 15:50:05.451422,1447,Failed
1448,Online,314.76,2024-12-11 18:54:05.451428,1448,Failed
1449,Online,397.41,2024-12-25 13:11:05.451433,1449,Processing
1450,Cash,303.17,2024-11-11 19:31:05.451439,1450,Failed
1451,Cash,305.08,2024-12-14 23:21:05.451444,1451,Processing
1452,Cash,107.16,2024-11-27 13:43:05.451450,1452,Failed
1453,Cash,439.91,2024-11-07 13:52:05.451455,1453,Completed
1454,Online,297.15,2024-11-23 17:43:05.451460,1454,Processing
1455,Online,108.78,2024-12-14 08:43:05.451465,1455,Processing
1456,Online,342.29,2024-11-13 12:12:05.451471,1456,Pending
1457,Online,460.46,2024-12-11 03:07:05.451476,1457,Completed
1458,Online,321.16,2024-11-29 20:00:05.451482,1458,Failed
1459,Cash,195.42,2024-12-24 05:35:05.451488,1459,Completed
1460,Online,347.78,2024-11-12 07:56:05.451494,1460,Completed
1461,Online,312.12,2024-11-01 22:48:05.451500,1461,Completed
1462,Online,122.33,2024-11-30 22:53:05.451506,1462,Processing
1463,Cash,164.1,2024-11-06 17:34:05.451512,1463,Failed
1464,Cash,116.26,2024-12-08 12:50:05.451517,1464,Failed
1465,Online,187.21,2024-12-17 19:26:05.451523,1465,Processing
1466,Cash,416.83,2024-12-01 14:36:05.451528,1466,Pending
1467,Online,118.45,2024-12-16 12:51:05.451533,1467,Pending
1468,Online,494.03,2024-12-05 05:12:05.451539,1468,Pending
1469,Online,379.76,2024-11-30 17:01:05.451545,1469,Pending
1470,Cash,232.15,2024-11-16 17:23:05.451551,1470,Failed
1471,Cash,141.13,2024-11-28 17:02:05.451556,1471,Completed
1472,Cash,297.01,2024-12-17 20:29:05.451562,1472,Failed
1473,Cash,105.37,2024-11-14 08:56:05.451567,1473,Processing
1474,Online,410.28,2024-11-14 21:10:05.451573,1474,Refunded
1475,Online,167.67,2024-12-31 13:08:05.451579,1475,Processing
1476,Online,331.96,2024-11-19 02:05:05.451584,1476,Completed
1477,Cash,148.27,2024-12-12 13:22:05.451590,1477,Failed
1478,Cash,379.11,2024-12-17 15:47:05.451596,1478,Completed
1479,Cash,498.46,2024-11-11 13:32:05.451602,1479,Pending
1480,Online,170.79,2024-12-12 02:55:05.451608,1480,Refunded
1481,Online,163.36,2024-12-18 08:12:05.451614,1481,Failed
1482,Online,372.21,2024-11-23 19:17:05.451619,1482,Processing
1483,Cash,183.43,2024-11-04 07:06:05.451625,1483,Processing
1484,Cash,357.33,2024-11-12 13:27:05.451679,1484,Refunded
1485,Cash,290.36,2024-11-24 00:44:05.451685,1485,Refunded
1486,Cash,202.4,2024-12-02 10:09:05.451691,1486,Processing
1487,Cash,262.77,2024-12-05 12:07:05.451697,1487,Processing
1488,Online,366.6,2024-11-21 13:37:05.451703,1488,Refunded
1489,Cash,316.86,2024-11-26 08:30:05.451709,1489,Refunded
1490,Cash,489.33,2024-12-11 19:55:05.451714,1490,Completed
1491,Online,107.3,2024-12-11 22:34:05.451720,1491,Completed
1492,Cash,174.56,2024-11-25 21:49:05.451726,1492,Refunded
1493,Cash,370.1,2024-11-18 05:48:05.451731,1493,Pending
1494,Online,456.49,2024-12-18 20:23:05.451736,1494,Failed
1495,Cash,389.56,2024-12-26 22:14:05.451743,1495,Pending
1496,Online,496.61,2024-12-18 10:46:05.451753,1496,Processing
1497,Cash,229.99,2024-11-06 12:04:05.451763,1497,Pending
1498,Cash,327.07,2024-11-24 20:22:05.451775,1498,Refunded
1499,Cash,154.06,2024-12-17 04:26:05.451781,1499,Failed
1500,Cash,471.19,2024-11-03 01:20:05.451786,1500,Processing
